/*
  Enhanced Test Data for Medical Health System
  Includes Patients, Doctors, Records, and Diagnosis History.
*/
SET NAMES utf8mb4;
SET FOREIGN_KEY_CHECKS = 0;

BEGIN;

-- 清理可能存在的旧测试数据 (Range 100-500)
DELETE FROM `health_data` WHERE `patient_id` BETWEEN 100 AND 500;
DELETE FROM `diagnosis_record` WHERE `patient_id` BETWEEN 100 AND 500;
DELETE FROM `doctor_schedule` WHERE `doctor_id` BETWEEN 100 AND 500;
DELETE FROM `patient_allergy` WHERE `patient_id` BETWEEN 100 AND 500;
DELETE FROM `patient_history` WHERE `patient_id` BETWEEN 100 AND 500;
DELETE FROM `patient_record` WHERE `user_id` BETWEEN 100 AND 500;
DELETE FROM `doctor_info` WHERE `id` BETWEEN 100 AND 500;
DELETE FROM `patient_info` WHERE `id` BETWEEN 100 AND 500;
DELETE FROM `system_notification` WHERE `user_id` BETWEEN 100 AND 500;
DELETE FROM `sys_user` WHERE `id` BETWEEN 100 AND 500;

-- ============================================
-- 1. 生成医生数据
-- ============================================
INSERT INTO `sys_user` (`id`, `username`, `password`, `nickname`, `phone`, `email`, `role`, `status`, `create_time`) VALUES (100, 'doctor_test_1', '$2a$10$K8aIDyfnZYQS.UgdYiw1s.05P5qqvaTfk65hASDDDxvMAxy1vPTT6', '郑丽华', '13800000501', 'doctor_test_1@test.com', 'DOCTOR', 1, NOW());
INSERT INTO `doctor_info` (`id`, `user_id`, `real_name`, `gender`, `department`, `title`, `specialty`, `introduction`, `work_years`, `consultation_fee`, `status`, `create_time`) VALUES (100, 100, '郑丽华', 0, '中医科', '医师', '针灸推拿、体质调理、中医养生', '从事中医科临床工作6余年。弘扬国医精髓，擅长通过望闻问切制订个性化调理方案。 推崇“以患者为中心”的服务理念，耐心解答每一位患者的疑问。', 6, 100.00, 1, NOW());
INSERT INTO `sys_user` (`id`, `username`, `password`, `nickname`, `phone`, `email`, `role`, `status`, `create_time`) VALUES (101, 'doctor_test_2', '$2a$10$K8aIDyfnZYQS.UgdYiw1s.05P5qqvaTfk65hASDDDxvMAxy1vPTT6', '孙梦娇', '13800000502', 'doctor_test_2@test.com', 'DOCTOR', 1, NOW());
INSERT INTO `doctor_info` (`id`, `user_id`, `real_name`, `gender`, `department`, `title`, `specialty`, `introduction`, `work_years`, `consultation_fee`, `status`, `create_time`) VALUES (101, 101, '孙梦娇', 0, '内科', '主任医师', '心血管疾病、高血压、糖尿病、胃炎', '从事内科临床工作22余年。从事内科临床工作多年，对常见内科疾病有丰富诊治经验。 在临床工作中严谨细致，深受患者信赖。', 22, 30.00, 1, NOW());
INSERT INTO `sys_user` (`id`, `username`, `password`, `nickname`, `phone`, `email`, `role`, `status`, `create_time`) VALUES (102, 'doctor_test_3', '$2a$10$K8aIDyfnZYQS.UgdYiw1s.05P5qqvaTfk65hASDDDxvMAxy1vPTT6', '孙雪', '13800000503', 'doctor_test_3@test.com', 'DOCTOR', 1, NOW());
INSERT INTO `doctor_info` (`id`, `user_id`, `real_name`, `gender`, `department`, `title`, `specialty`, `introduction`, `work_years`, `consultation_fee`, `status`, `create_time`) VALUES (102, 102, '孙雪', 1, '骨科', '医师', '骨折修复、关节置换、脊柱调理', '从事骨科临床工作20余年。资深骨科专家，专注于骨骼健康与损伤修复。 在多篇国家级医学期刊发表论文，学术造诣颇深。', 20, 80.00, 1, NOW());
INSERT INTO `sys_user` (`id`, `username`, `password`, `nickname`, `phone`, `email`, `role`, `status`, `create_time`) VALUES (103, 'doctor_test_4', '$2a$10$K8aIDyfnZYQS.UgdYiw1s.05P5qqvaTfk65hASDDDxvMAxy1vPTT6', '徐艳', '13800000504', 'doctor_test_4@test.com', 'DOCTOR', 1, NOW());
INSERT INTO `doctor_info` (`id`, `user_id`, `real_name`, `gender`, `department`, `title`, `specialty`, `introduction`, `work_years`, `consultation_fee`, `status`, `create_time`) VALUES (103, 103, '徐艳', 1, '外科', '副主任医师', '普外科、微创手术、阑尾炎、胆囊结石', '从事外科临床工作7余年。擅长各类外科手术，精通微创治疗技术。 在多篇国家级医学期刊发表论文，学术造诣颇深。', 7, 50.00, 1, NOW());
INSERT INTO `sys_user` (`id`, `username`, `password`, `nickname`, `phone`, `email`, `role`, `status`, `create_time`) VALUES (104, 'doctor_test_5', '$2a$10$K8aIDyfnZYQS.UgdYiw1s.05P5qqvaTfk65hASDDDxvMAxy1vPTT6', '郑华', '13800000505', 'doctor_test_5@test.com', 'DOCTOR', 1, NOW());
INSERT INTO `doctor_info` (`id`, `user_id`, `real_name`, `gender`, `department`, `title`, `specialty`, `introduction`, `work_years`, `consultation_fee`, `status`, `create_time`) VALUES (104, 104, '郑华', 1, '内科', '副主任医师', '心血管疾病、高血压、糖尿病、胃炎', '从事内科临床工作35余年。从事内科临床工作多年，对常见内科疾病有丰富诊治经验。 多次参加国内外医学学术交流，对复杂案例有独到见解。', 35, 80.00, 1, NOW());
INSERT INTO `sys_user` (`id`, `username`, `password`, `nickname`, `phone`, `email`, `role`, `status`, `create_time`) VALUES (105, 'doctor_test_6', '$2a$10$K8aIDyfnZYQS.UgdYiw1s.05P5qqvaTfk65hASDDDxvMAxy1vPTT6', '周强', '13800000506', 'doctor_test_6@test.com', 'DOCTOR', 1, NOW());
INSERT INTO `doctor_info` (`id`, `user_id`, `real_name`, `gender`, `department`, `title`, `specialty`, `introduction`, `work_years`, `consultation_fee`, `status`, `create_time`) VALUES (105, 105, '周强', 1, '内科', '主任医师', '心血管疾病、高血压、糖尿病、胃炎', '从事内科临床工作12余年。从事内科临床工作多年，对常见内科疾病有丰富诊治经验。 致力于通过精准诊疗缩短患者康复周期。', 12, 50.00, 1, NOW());
INSERT INTO `sys_user` (`id`, `username`, `password`, `nickname`, `phone`, `email`, `role`, `status`, `create_time`) VALUES (106, 'doctor_test_7', '$2a$10$K8aIDyfnZYQS.UgdYiw1s.05P5qqvaTfk65hASDDDxvMAxy1vPTT6', '张建国', '13800000507', 'doctor_test_7@test.com', 'DOCTOR', 1, NOW());
INSERT INTO `doctor_info` (`id`, `user_id`, `real_name`, `gender`, `department`, `title`, `specialty`, `introduction`, `work_years`, `consultation_fee`, `status`, `create_time`) VALUES (106, 106, '张建国', 1, '口腔科', '主治医师', '牙齿正畸、植牙、根管治疗', '从事口腔科临床工作33余年。技术精湛，操作温和，为您的笑容护航。 推崇“以患者为中心”的服务理念，耐心解答每一位患者的疑问。', 33, 30.00, 1, NOW());
INSERT INTO `sys_user` (`id`, `username`, `password`, `nickname`, `phone`, `email`, `role`, `status`, `create_time`) VALUES (107, 'doctor_test_8', '$2a$10$K8aIDyfnZYQS.UgdYiw1s.05P5qqvaTfk65hASDDDxvMAxy1vPTT6', '林家豪', '13800000508', 'doctor_test_8@test.com', 'DOCTOR', 1, NOW());
INSERT INTO `doctor_info` (`id`, `user_id`, `real_name`, `gender`, `department`, `title`, `specialty`, `introduction`, `work_years`, `consultation_fee`, `status`, `create_time`) VALUES (107, 107, '林家豪', 1, '中医科', '主治医师', '针灸推拿、体质调理、中医养生', '从事中医科临床工作6余年。弘扬国医精髓，擅长通过望闻问切制订个性化调理方案。 对待患者如亲人，被广大病友亲切地称为“贴心医生”。', 6, 150.00, 1, NOW());
INSERT INTO `sys_user` (`id`, `username`, `password`, `nickname`, `phone`, `email`, `role`, `status`, `create_time`) VALUES (108, 'doctor_test_9', '$2a$10$K8aIDyfnZYQS.UgdYiw1s.05P5qqvaTfk65hASDDDxvMAxy1vPTT6', '吴芳', '13800000509', 'doctor_test_9@test.com', 'DOCTOR', 1, NOW());
INSERT INTO `doctor_info` (`id`, `user_id`, `real_name`, `gender`, `department`, `title`, `specialty`, `introduction`, `work_years`, `consultation_fee`, `status`, `create_time`) VALUES (108, 108, '吴芳', 1, '妇产科', '医师', '孕期检查、产后恢复、妇科常见病', '从事妇产科临床工作7余年。致力于妇女生命全周期健康管理，临床经验丰富。 对待患者如亲人，被广大病友亲切地称为“贴心医生”。', 7, 100.00, 1, NOW());
INSERT INTO `sys_user` (`id`, `username`, `password`, `nickname`, `phone`, `email`, `role`, `status`, `create_time`) VALUES (109, 'doctor_test_10', '$2a$10$K8aIDyfnZYQS.UgdYiw1s.05P5qqvaTfk65hASDDDxvMAxy1vPTT6', '王雪', '13800000510', 'doctor_test_10@test.com', 'DOCTOR', 1, NOW());
INSERT INTO `doctor_info` (`id`, `user_id`, `real_name`, `gender`, `department`, `title`, `specialty`, `introduction`, `work_years`, `consultation_fee`, `status`, `create_time`) VALUES (109, 109, '王雪', 0, '儿科', '副主任医师', '小儿感冒、小儿肺炎、新生儿护理', '从事儿科临床工作27余年。对儿童生长发育及呼吸系统常见病有深入研究，细心呵护幼儿健康。 推崇“以患者为中心”的服务理念，耐心解答每一位患者的疑问。', 27, 150.00, 1, NOW());
INSERT INTO `sys_user` (`id`, `username`, `password`, `nickname`, `phone`, `email`, `role`, `status`, `create_time`) VALUES (110, 'doctor_test_11', '$2a$10$K8aIDyfnZYQS.UgdYiw1s.05P5qqvaTfk65hASDDDxvMAxy1vPTT6', '刘艳', '13800000511', 'doctor_test_11@test.com', 'DOCTOR', 1, NOW());
INSERT INTO `doctor_info` (`id`, `user_id`, `real_name`, `gender`, `department`, `title`, `specialty`, `introduction`, `work_years`, `consultation_fee`, `status`, `create_time`) VALUES (110, 110, '刘艳', 0, '口腔科', '主任医师', '牙齿正畸、植牙、根管治疗', '从事口腔科临床工作21余年。技术精湛，操作温和，为您的笑容护航。 多次参加国内外医学学术交流，对复杂案例有独到见解。', 21, 100.00, 1, NOW());
INSERT INTO `sys_user` (`id`, `username`, `password`, `nickname`, `phone`, `email`, `role`, `status`, `create_time`) VALUES (111, 'doctor_test_12', '$2a$10$K8aIDyfnZYQS.UgdYiw1s.05P5qqvaTfk65hASDDDxvMAxy1vPTT6', '吴德华', '13800000512', 'doctor_test_12@test.com', 'DOCTOR', 1, NOW());
INSERT INTO `doctor_info` (`id`, `user_id`, `real_name`, `gender`, `department`, `title`, `specialty`, `introduction`, `work_years`, `consultation_fee`, `status`, `create_time`) VALUES (111, 111, '吴德华', 0, '内科', '主任医师', '心血管疾病、高血压、糖尿病、胃炎', '从事内科临床工作30余年。从事内科临床工作多年，对常见内科疾病有丰富诊治经验。 对待患者如亲人，被广大病友亲切地称为“贴心医生”。', 30, 150.00, 1, NOW());
INSERT INTO `sys_user` (`id`, `username`, `password`, `nickname`, `phone`, `email`, `role`, `status`, `create_time`) VALUES (112, 'doctor_test_13', '$2a$10$K8aIDyfnZYQS.UgdYiw1s.05P5qqvaTfk65hASDDDxvMAxy1vPTT6', '陈雨柔', '13800000513', 'doctor_test_13@test.com', 'DOCTOR', 1, NOW());
INSERT INTO `doctor_info` (`id`, `user_id`, `real_name`, `gender`, `department`, `title`, `specialty`, `introduction`, `work_years`, `consultation_fee`, `status`, `create_time`) VALUES (112, 112, '陈雨柔', 1, '口腔科', '主治医师', '牙齿正畸、植牙、根管治疗', '从事口腔科临床工作27余年。技术精湛，操作温和，为您的笑容护航。 推崇“以患者为中心”的服务理念，耐心解答每一位患者的疑问。', 27, 50.00, 1, NOW());
INSERT INTO `sys_user` (`id`, `username`, `password`, `nickname`, `phone`, `email`, `role`, `status`, `create_time`) VALUES (113, 'doctor_test_14', '$2a$10$K8aIDyfnZYQS.UgdYiw1s.05P5qqvaTfk65hASDDDxvMAxy1vPTT6', '赵伟', '13800000514', 'doctor_test_14@test.com', 'DOCTOR', 1, NOW());
INSERT INTO `doctor_info` (`id`, `user_id`, `real_name`, `gender`, `department`, `title`, `specialty`, `introduction`, `work_years`, `consultation_fee`, `status`, `create_time`) VALUES (113, 113, '赵伟', 0, '口腔科', '副主任医师', '牙齿正畸、植牙、根管治疗', '从事口腔科临床工作31余年。技术精湛，操作温和，为您的笑容护航。 具备扎实的医学理论基础和丰富的临床实践经验。', 31, 150.00, 1, NOW());
INSERT INTO `sys_user` (`id`, `username`, `password`, `nickname`, `phone`, `email`, `role`, `status`, `create_time`) VALUES (114, 'doctor_test_15', '$2a$10$K8aIDyfnZYQS.UgdYiw1s.05P5qqvaTfk65hASDDDxvMAxy1vPTT6', '韩强', '13800000515', 'doctor_test_15@test.com', 'DOCTOR', 1, NOW());
INSERT INTO `doctor_info` (`id`, `user_id`, `real_name`, `gender`, `department`, `title`, `specialty`, `introduction`, `work_years`, `consultation_fee`, `status`, `create_time`) VALUES (114, 114, '韩强', 1, '口腔科', '医师', '牙齿正畸、植牙、根管治疗', '从事口腔科临床工作22余年。技术精湛，操作温和，为您的笑容护航。 对待患者如亲人，被广大病友亲切地称为“贴心医生”。', 22, 50.00, 1, NOW());
INSERT INTO `sys_user` (`id`, `username`, `password`, `nickname`, `phone`, `email`, `role`, `status`, `create_time`) VALUES (115, 'doctor_test_16', '$2a$10$K8aIDyfnZYQS.UgdYiw1s.05P5qqvaTfk65hASDDDxvMAxy1vPTT6', '张志强', '13800000516', 'doctor_test_16@test.com', 'DOCTOR', 1, NOW());
INSERT INTO `doctor_info` (`id`, `user_id`, `real_name`, `gender`, `department`, `title`, `specialty`, `introduction`, `work_years`, `consultation_fee`, `status`, `create_time`) VALUES (115, 115, '张志强', 1, '内科', '主治医师', '心血管疾病、高血压、糖尿病、胃炎', '从事内科临床工作34余年。从事内科临床工作多年，对常见内科疾病有丰富诊治经验。 强调中西医结合或预防与治疗并重的健康管理模式。', 34, 50.00, 1, NOW());
INSERT INTO `sys_user` (`id`, `username`, `password`, `nickname`, `phone`, `email`, `role`, `status`, `create_time`) VALUES (116, 'doctor_test_17', '$2a$10$K8aIDyfnZYQS.UgdYiw1s.05P5qqvaTfk65hASDDDxvMAxy1vPTT6', '徐雨柔', '13800000517', 'doctor_test_17@test.com', 'DOCTOR', 1, NOW());
INSERT INTO `doctor_info` (`id`, `user_id`, `real_name`, `gender`, `department`, `title`, `specialty`, `introduction`, `work_years`, `consultation_fee`, `status`, `create_time`) VALUES (116, 116, '徐雨柔', 0, '妇产科', '副主任医师', '孕期检查、产后恢复、妇科常见病', '从事妇产科临床工作23余年。致力于妇女生命全周期健康管理，临床经验丰富。 在临床工作中严谨细致，深受患者信赖。', 23, 100.00, 1, NOW());
INSERT INTO `sys_user` (`id`, `username`, `password`, `nickname`, `phone`, `email`, `role`, `status`, `create_time`) VALUES (117, 'doctor_test_18', '$2a$10$K8aIDyfnZYQS.UgdYiw1s.05P5qqvaTfk65hASDDDxvMAxy1vPTT6', '林雨柔', '13800000518', 'doctor_test_18@test.com', 'DOCTOR', 1, NOW());
INSERT INTO `doctor_info` (`id`, `user_id`, `real_name`, `gender`, `department`, `title`, `specialty`, `introduction`, `work_years`, `consultation_fee`, `status`, `create_time`) VALUES (117, 117, '林雨柔', 0, '耳鼻喉科', '副主任医师', '过敏性鼻炎、慢性咽炎、听力恢复', '从事耳鼻喉科临床工作5余年。专注于五官健康，推崇精准诊断与有效治疗。 对待患者如亲人，被广大病友亲切地称为“贴心医生”。', 5, 150.00, 1, NOW());
INSERT INTO `sys_user` (`id`, `username`, `password`, `nickname`, `phone`, `email`, `role`, `status`, `create_time`) VALUES (118, 'doctor_test_19', '$2a$10$K8aIDyfnZYQS.UgdYiw1s.05P5qqvaTfk65hASDDDxvMAxy1vPTT6', '陈平', '13800000519', 'doctor_test_19@test.com', 'DOCTOR', 1, NOW());
INSERT INTO `doctor_info` (`id`, `user_id`, `real_name`, `gender`, `department`, `title`, `specialty`, `introduction`, `work_years`, `consultation_fee`, `status`, `create_time`) VALUES (118, 118, '陈平', 0, '妇产科', '主任医师', '孕期检查、产后恢复、妇科常见病', '从事妇产科临床工作17余年。致力于妇女生命全周期健康管理，临床经验丰富。 致力于通过精准诊疗缩短患者康复周期。', 17, 150.00, 1, NOW());
INSERT INTO `sys_user` (`id`, `username`, `password`, `nickname`, `phone`, `email`, `role`, `status`, `create_time`) VALUES (119, 'doctor_test_20', '$2a$10$K8aIDyfnZYQS.UgdYiw1s.05P5qqvaTfk65hASDDDxvMAxy1vPTT6', '沈刚', '13800000520', 'doctor_test_20@test.com', 'DOCTOR', 1, NOW());
INSERT INTO `doctor_info` (`id`, `user_id`, `real_name`, `gender`, `department`, `title`, `specialty`, `introduction`, `work_years`, `consultation_fee`, `status`, `create_time`) VALUES (119, 119, '沈刚', 1, '内科', '副主任医师', '心血管疾病、高血压、糖尿病、胃炎', '从事内科临床工作16余年。从事内科临床工作多年，对常见内科疾病有丰富诊治经验。 推崇“以患者为中心”的服务理念，耐心解答每一位患者的疑问。', 16, 200.00, 1, NOW());
INSERT INTO `sys_user` (`id`, `username`, `password`, `nickname`, `phone`, `email`, `role`, `status`, `create_time`) VALUES (120, 'doctor_test_21', '$2a$10$K8aIDyfnZYQS.UgdYiw1s.05P5qqvaTfk65hASDDDxvMAxy1vPTT6', '上官小玲', '13800000521', 'doctor_test_21@test.com', 'DOCTOR', 1, NOW());
INSERT INTO `doctor_info` (`id`, `user_id`, `real_name`, `gender`, `department`, `title`, `specialty`, `introduction`, `work_years`, `consultation_fee`, `status`, `create_time`) VALUES (120, 120, '上官小玲', 0, '中医科', '主任医师', '针灸推拿、体质调理、中医养生', '从事中医科临床工作34余年。弘扬国医精髓，擅长通过望闻问切制订个性化调理方案。 在多篇国家级医学期刊发表论文，学术造诣颇深。', 34, 100.00, 1, NOW());
INSERT INTO `sys_user` (`id`, `username`, `password`, `nickname`, `phone`, `email`, `role`, `status`, `create_time`) VALUES (121, 'doctor_test_22', '$2a$10$K8aIDyfnZYQS.UgdYiw1s.05P5qqvaTfk65hASDDDxvMAxy1vPTT6', '何平', '13800000522', 'doctor_test_22@test.com', 'DOCTOR', 1, NOW());
INSERT INTO `doctor_info` (`id`, `user_id`, `real_name`, `gender`, `department`, `title`, `specialty`, `introduction`, `work_years`, `consultation_fee`, `status`, `create_time`) VALUES (121, 121, '何平', 1, '中医科', '主治医师', '针灸推拿、体质调理、中医养生', '从事中医科临床工作31余年。弘扬国医精髓，擅长通过望闻问切制订个性化调理方案。 在临床工作中严谨细致，深受患者信赖。', 31, 100.00, 1, NOW());
INSERT INTO `sys_user` (`id`, `username`, `password`, `nickname`, `phone`, `email`, `role`, `status`, `create_time`) VALUES (122, 'doctor_test_23', '$2a$10$K8aIDyfnZYQS.UgdYiw1s.05P5qqvaTfk65hASDDDxvMAxy1vPTT6', '郑芳', '13800000523', 'doctor_test_23@test.com', 'DOCTOR', 1, NOW());
INSERT INTO `doctor_info` (`id`, `user_id`, `real_name`, `gender`, `department`, `title`, `specialty`, `introduction`, `work_years`, `consultation_fee`, `status`, `create_time`) VALUES (122, 122, '郑芳', 1, '中医科', '主治医师', '针灸推拿、体质调理、中医养生', '从事中医科临床工作31余年。弘扬国医精髓，擅长通过望闻问切制订个性化调理方案。 强调中西医结合或预防与治疗并重的健康管理模式。', 31, 200.00, 1, NOW());
INSERT INTO `sys_user` (`id`, `username`, `password`, `nickname`, `phone`, `email`, `role`, `status`, `create_time`) VALUES (123, 'doctor_test_24', '$2a$10$K8aIDyfnZYQS.UgdYiw1s.05P5qqvaTfk65hASDDDxvMAxy1vPTT6', '王明', '13800000524', 'doctor_test_24@test.com', 'DOCTOR', 1, NOW());
INSERT INTO `doctor_info` (`id`, `user_id`, `real_name`, `gender`, `department`, `title`, `specialty`, `introduction`, `work_years`, `consultation_fee`, `status`, `create_time`) VALUES (123, 123, '王明', 1, '骨科', '医师', '骨折修复、关节置换、脊柱调理', '从事骨科临床工作22余年。资深骨科专家，专注于骨骼健康与损伤修复。 多次参加国内外医学学术交流，对复杂案例有独到见解。', 22, 200.00, 1, NOW());
INSERT INTO `sys_user` (`id`, `username`, `password`, `nickname`, `phone`, `email`, `role`, `status`, `create_time`) VALUES (124, 'doctor_test_25', '$2a$10$K8aIDyfnZYQS.UgdYiw1s.05P5qqvaTfk65hASDDDxvMAxy1vPTT6', '黄天福', '13800000525', 'doctor_test_25@test.com', 'DOCTOR', 1, NOW());
INSERT INTO `doctor_info` (`id`, `user_id`, `real_name`, `gender`, `department`, `title`, `specialty`, `introduction`, `work_years`, `consultation_fee`, `status`, `create_time`) VALUES (124, 124, '黄天福', 1, '中医科', '主治医师', '针灸推拿、体质调理、中医养生', '从事中医科临床工作31余年。弘扬国医精髓，擅长通过望闻问切制订个性化调理方案。 在临床工作中严谨细致，深受患者信赖。', 31, 50.00, 1, NOW());
INSERT INTO `sys_user` (`id`, `username`, `password`, `nickname`, `phone`, `email`, `role`, `status`, `create_time`) VALUES (125, 'doctor_test_26', '$2a$10$K8aIDyfnZYQS.UgdYiw1s.05P5qqvaTfk65hASDDDxvMAxy1vPTT6', '上官霞', '13800000526', 'doctor_test_26@test.com', 'DOCTOR', 1, NOW());
INSERT INTO `doctor_info` (`id`, `user_id`, `real_name`, `gender`, `department`, `title`, `specialty`, `introduction`, `work_years`, `consultation_fee`, `status`, `create_time`) VALUES (125, 125, '上官霞', 0, '内科', '医师', '心血管疾病、高血压、糖尿病、胃炎', '从事内科临床工作10余年。从事内科临床工作多年，对常见内科疾病有丰富诊治经验。 对待患者如亲人，被广大病友亲切地称为“贴心医生”。', 10, 100.00, 1, NOW());
INSERT INTO `sys_user` (`id`, `username`, `password`, `nickname`, `phone`, `email`, `role`, `status`, `create_time`) VALUES (126, 'doctor_test_27', '$2a$10$K8aIDyfnZYQS.UgdYiw1s.05P5qqvaTfk65hASDDDxvMAxy1vPTT6', '朱芳', '13800000527', 'doctor_test_27@test.com', 'DOCTOR', 1, NOW());
INSERT INTO `doctor_info` (`id`, `user_id`, `real_name`, `gender`, `department`, `title`, `specialty`, `introduction`, `work_years`, `consultation_fee`, `status`, `create_time`) VALUES (126, 126, '朱芳', 0, '妇产科', '医师', '孕期检查、产后恢复、妇科常见病', '从事妇产科临床工作32余年。致力于妇女生命全周期健康管理，临床经验丰富。 推崇“以患者为中心”的服务理念，耐心解答每一位患者的疑问。', 32, 100.00, 1, NOW());
INSERT INTO `sys_user` (`id`, `username`, `password`, `nickname`, `phone`, `email`, `role`, `status`, `create_time`) VALUES (127, 'doctor_test_28', '$2a$10$K8aIDyfnZYQS.UgdYiw1s.05P5qqvaTfk65hASDDDxvMAxy1vPTT6', '孙家豪', '13800000528', 'doctor_test_28@test.com', 'DOCTOR', 1, NOW());
INSERT INTO `doctor_info` (`id`, `user_id`, `real_name`, `gender`, `department`, `title`, `specialty`, `introduction`, `work_years`, `consultation_fee`, `status`, `create_time`) VALUES (127, 127, '孙家豪', 0, '妇产科', '主治医师', '孕期检查、产后恢复、妇科常见病', '从事妇产科临床工作23余年。致力于妇女生命全周期健康管理，临床经验丰富。 强调中西医结合或预防与治疗并重的健康管理模式。', 23, 30.00, 1, NOW());
INSERT INTO `sys_user` (`id`, `username`, `password`, `nickname`, `phone`, `email`, `role`, `status`, `create_time`) VALUES (128, 'doctor_test_29', '$2a$10$K8aIDyfnZYQS.UgdYiw1s.05P5qqvaTfk65hASDDDxvMAxy1vPTT6', '司马家豪', '13800000529', 'doctor_test_29@test.com', 'DOCTOR', 1, NOW());
INSERT INTO `doctor_info` (`id`, `user_id`, `real_name`, `gender`, `department`, `title`, `specialty`, `introduction`, `work_years`, `consultation_fee`, `status`, `create_time`) VALUES (128, 128, '司马家豪', 1, '中医科', '医师', '针灸推拿、体质调理、中医养生', '从事中医科临床工作15余年。弘扬国医精髓，擅长通过望闻问切制订个性化调理方案。 致力于通过精准诊疗缩短患者康复周期。', 15, 200.00, 1, NOW());
INSERT INTO `sys_user` (`id`, `username`, `password`, `nickname`, `phone`, `email`, `role`, `status`, `create_time`) VALUES (129, 'doctor_test_30', '$2a$10$K8aIDyfnZYQS.UgdYiw1s.05P5qqvaTfk65hASDDDxvMAxy1vPTT6', '周平', '13800000530', 'doctor_test_30@test.com', 'DOCTOR', 1, NOW());
INSERT INTO `doctor_info` (`id`, `user_id`, `real_name`, `gender`, `department`, `title`, `specialty`, `introduction`, `work_years`, `consultation_fee`, `status`, `create_time`) VALUES (129, 129, '周平', 1, '骨科', '副主任医师', '骨折修复、关节置换、脊柱调理', '从事骨科临床工作30余年。资深骨科专家，专注于骨骼健康与损伤修复。 具备扎实的医学理论基础和丰富的临床实践经验。', 30, 30.00, 1, NOW());

-- ============================================
-- 2. 生成排班记录
-- ============================================
INSERT INTO `doctor_schedule` (`doctor_id`, `schedule_date`, `time_period`, `max_patients`, `booked_patients`, `status`) VALUES (100, '2026-01-28', '上午', 20, 0, 1);
INSERT INTO `doctor_schedule` (`doctor_id`, `schedule_date`, `time_period`, `max_patients`, `booked_patients`, `status`) VALUES (100, '2026-01-28', '下午', 20, 0, 1);
INSERT INTO `doctor_schedule` (`doctor_id`, `schedule_date`, `time_period`, `max_patients`, `booked_patients`, `status`) VALUES (100, '2026-01-29', '上午', 20, 0, 1);
INSERT INTO `doctor_schedule` (`doctor_id`, `schedule_date`, `time_period`, `max_patients`, `booked_patients`, `status`) VALUES (100, '2026-01-29', '下午', 20, 0, 1);
INSERT INTO `doctor_schedule` (`doctor_id`, `schedule_date`, `time_period`, `max_patients`, `booked_patients`, `status`) VALUES (100, '2026-01-30', '上午', 20, 0, 1);
INSERT INTO `doctor_schedule` (`doctor_id`, `schedule_date`, `time_period`, `max_patients`, `booked_patients`, `status`) VALUES (100, '2026-01-30', '下午', 20, 0, 1);
INSERT INTO `doctor_schedule` (`doctor_id`, `schedule_date`, `time_period`, `max_patients`, `booked_patients`, `status`) VALUES (100, '2026-01-31', '上午', 20, 0, 1);
INSERT INTO `doctor_schedule` (`doctor_id`, `schedule_date`, `time_period`, `max_patients`, `booked_patients`, `status`) VALUES (100, '2026-01-31', '下午', 20, 0, 1);
INSERT INTO `doctor_schedule` (`doctor_id`, `schedule_date`, `time_period`, `max_patients`, `booked_patients`, `status`) VALUES (100, '2026-02-01', '上午', 20, 0, 1);
INSERT INTO `doctor_schedule` (`doctor_id`, `schedule_date`, `time_period`, `max_patients`, `booked_patients`, `status`) VALUES (100, '2026-02-01', '下午', 20, 0, 1);
INSERT INTO `doctor_schedule` (`doctor_id`, `schedule_date`, `time_period`, `max_patients`, `booked_patients`, `status`) VALUES (100, '2026-02-02', '上午', 20, 0, 1);
INSERT INTO `doctor_schedule` (`doctor_id`, `schedule_date`, `time_period`, `max_patients`, `booked_patients`, `status`) VALUES (100, '2026-02-02', '下午', 20, 0, 1);
INSERT INTO `doctor_schedule` (`doctor_id`, `schedule_date`, `time_period`, `max_patients`, `booked_patients`, `status`) VALUES (100, '2026-02-03', '上午', 20, 0, 1);
INSERT INTO `doctor_schedule` (`doctor_id`, `schedule_date`, `time_period`, `max_patients`, `booked_patients`, `status`) VALUES (100, '2026-02-03', '下午', 20, 0, 1);
INSERT INTO `doctor_schedule` (`doctor_id`, `schedule_date`, `time_period`, `max_patients`, `booked_patients`, `status`) VALUES (101, '2026-01-28', '上午', 20, 0, 1);
INSERT INTO `doctor_schedule` (`doctor_id`, `schedule_date`, `time_period`, `max_patients`, `booked_patients`, `status`) VALUES (101, '2026-01-28', '下午', 20, 0, 1);
INSERT INTO `doctor_schedule` (`doctor_id`, `schedule_date`, `time_period`, `max_patients`, `booked_patients`, `status`) VALUES (101, '2026-01-29', '上午', 20, 0, 1);
INSERT INTO `doctor_schedule` (`doctor_id`, `schedule_date`, `time_period`, `max_patients`, `booked_patients`, `status`) VALUES (101, '2026-01-29', '下午', 20, 0, 1);
INSERT INTO `doctor_schedule` (`doctor_id`, `schedule_date`, `time_period`, `max_patients`, `booked_patients`, `status`) VALUES (101, '2026-01-30', '上午', 20, 0, 1);
INSERT INTO `doctor_schedule` (`doctor_id`, `schedule_date`, `time_period`, `max_patients`, `booked_patients`, `status`) VALUES (101, '2026-01-30', '下午', 20, 0, 1);
INSERT INTO `doctor_schedule` (`doctor_id`, `schedule_date`, `time_period`, `max_patients`, `booked_patients`, `status`) VALUES (101, '2026-01-31', '上午', 20, 0, 1);
INSERT INTO `doctor_schedule` (`doctor_id`, `schedule_date`, `time_period`, `max_patients`, `booked_patients`, `status`) VALUES (101, '2026-01-31', '下午', 20, 0, 1);
INSERT INTO `doctor_schedule` (`doctor_id`, `schedule_date`, `time_period`, `max_patients`, `booked_patients`, `status`) VALUES (101, '2026-02-01', '上午', 20, 0, 1);
INSERT INTO `doctor_schedule` (`doctor_id`, `schedule_date`, `time_period`, `max_patients`, `booked_patients`, `status`) VALUES (101, '2026-02-01', '下午', 20, 0, 1);
INSERT INTO `doctor_schedule` (`doctor_id`, `schedule_date`, `time_period`, `max_patients`, `booked_patients`, `status`) VALUES (101, '2026-02-02', '上午', 20, 0, 1);
INSERT INTO `doctor_schedule` (`doctor_id`, `schedule_date`, `time_period`, `max_patients`, `booked_patients`, `status`) VALUES (101, '2026-02-02', '下午', 20, 0, 1);
INSERT INTO `doctor_schedule` (`doctor_id`, `schedule_date`, `time_period`, `max_patients`, `booked_patients`, `status`) VALUES (101, '2026-02-03', '上午', 20, 0, 1);
INSERT INTO `doctor_schedule` (`doctor_id`, `schedule_date`, `time_period`, `max_patients`, `booked_patients`, `status`) VALUES (101, '2026-02-03', '下午', 20, 0, 1);
INSERT INTO `doctor_schedule` (`doctor_id`, `schedule_date`, `time_period`, `max_patients`, `booked_patients`, `status`) VALUES (102, '2026-01-28', '上午', 20, 0, 1);
INSERT INTO `doctor_schedule` (`doctor_id`, `schedule_date`, `time_period`, `max_patients`, `booked_patients`, `status`) VALUES (102, '2026-01-28', '下午', 20, 0, 1);
INSERT INTO `doctor_schedule` (`doctor_id`, `schedule_date`, `time_period`, `max_patients`, `booked_patients`, `status`) VALUES (102, '2026-01-29', '上午', 20, 0, 1);
INSERT INTO `doctor_schedule` (`doctor_id`, `schedule_date`, `time_period`, `max_patients`, `booked_patients`, `status`) VALUES (102, '2026-01-29', '下午', 20, 0, 1);
INSERT INTO `doctor_schedule` (`doctor_id`, `schedule_date`, `time_period`, `max_patients`, `booked_patients`, `status`) VALUES (102, '2026-01-30', '上午', 20, 0, 1);
INSERT INTO `doctor_schedule` (`doctor_id`, `schedule_date`, `time_period`, `max_patients`, `booked_patients`, `status`) VALUES (102, '2026-01-30', '下午', 20, 0, 1);
INSERT INTO `doctor_schedule` (`doctor_id`, `schedule_date`, `time_period`, `max_patients`, `booked_patients`, `status`) VALUES (102, '2026-01-31', '上午', 20, 0, 1);
INSERT INTO `doctor_schedule` (`doctor_id`, `schedule_date`, `time_period`, `max_patients`, `booked_patients`, `status`) VALUES (102, '2026-01-31', '下午', 20, 0, 1);
INSERT INTO `doctor_schedule` (`doctor_id`, `schedule_date`, `time_period`, `max_patients`, `booked_patients`, `status`) VALUES (102, '2026-02-01', '上午', 20, 0, 1);
INSERT INTO `doctor_schedule` (`doctor_id`, `schedule_date`, `time_period`, `max_patients`, `booked_patients`, `status`) VALUES (102, '2026-02-01', '下午', 20, 0, 1);
INSERT INTO `doctor_schedule` (`doctor_id`, `schedule_date`, `time_period`, `max_patients`, `booked_patients`, `status`) VALUES (102, '2026-02-02', '上午', 20, 0, 1);
INSERT INTO `doctor_schedule` (`doctor_id`, `schedule_date`, `time_period`, `max_patients`, `booked_patients`, `status`) VALUES (102, '2026-02-02', '下午', 20, 0, 1);
INSERT INTO `doctor_schedule` (`doctor_id`, `schedule_date`, `time_period`, `max_patients`, `booked_patients`, `status`) VALUES (102, '2026-02-03', '上午', 20, 0, 1);
INSERT INTO `doctor_schedule` (`doctor_id`, `schedule_date`, `time_period`, `max_patients`, `booked_patients`, `status`) VALUES (102, '2026-02-03', '下午', 20, 0, 1);
INSERT INTO `doctor_schedule` (`doctor_id`, `schedule_date`, `time_period`, `max_patients`, `booked_patients`, `status`) VALUES (103, '2026-01-28', '上午', 20, 0, 1);
INSERT INTO `doctor_schedule` (`doctor_id`, `schedule_date`, `time_period`, `max_patients`, `booked_patients`, `status`) VALUES (103, '2026-01-28', '下午', 20, 0, 1);
INSERT INTO `doctor_schedule` (`doctor_id`, `schedule_date`, `time_period`, `max_patients`, `booked_patients`, `status`) VALUES (103, '2026-01-29', '上午', 20, 0, 1);
INSERT INTO `doctor_schedule` (`doctor_id`, `schedule_date`, `time_period`, `max_patients`, `booked_patients`, `status`) VALUES (103, '2026-01-29', '下午', 20, 0, 1);
INSERT INTO `doctor_schedule` (`doctor_id`, `schedule_date`, `time_period`, `max_patients`, `booked_patients`, `status`) VALUES (103, '2026-01-30', '上午', 20, 0, 1);
INSERT INTO `doctor_schedule` (`doctor_id`, `schedule_date`, `time_period`, `max_patients`, `booked_patients`, `status`) VALUES (103, '2026-01-30', '下午', 20, 0, 1);
INSERT INTO `doctor_schedule` (`doctor_id`, `schedule_date`, `time_period`, `max_patients`, `booked_patients`, `status`) VALUES (103, '2026-01-31', '上午', 20, 0, 1);
INSERT INTO `doctor_schedule` (`doctor_id`, `schedule_date`, `time_period`, `max_patients`, `booked_patients`, `status`) VALUES (103, '2026-01-31', '下午', 20, 0, 1);
INSERT INTO `doctor_schedule` (`doctor_id`, `schedule_date`, `time_period`, `max_patients`, `booked_patients`, `status`) VALUES (103, '2026-02-01', '上午', 20, 0, 1);
INSERT INTO `doctor_schedule` (`doctor_id`, `schedule_date`, `time_period`, `max_patients`, `booked_patients`, `status`) VALUES (103, '2026-02-01', '下午', 20, 0, 1);
INSERT INTO `doctor_schedule` (`doctor_id`, `schedule_date`, `time_period`, `max_patients`, `booked_patients`, `status`) VALUES (103, '2026-02-02', '上午', 20, 0, 1);
INSERT INTO `doctor_schedule` (`doctor_id`, `schedule_date`, `time_period`, `max_patients`, `booked_patients`, `status`) VALUES (103, '2026-02-02', '下午', 20, 0, 1);
INSERT INTO `doctor_schedule` (`doctor_id`, `schedule_date`, `time_period`, `max_patients`, `booked_patients`, `status`) VALUES (103, '2026-02-03', '上午', 20, 0, 1);
INSERT INTO `doctor_schedule` (`doctor_id`, `schedule_date`, `time_period`, `max_patients`, `booked_patients`, `status`) VALUES (103, '2026-02-03', '下午', 20, 0, 1);
INSERT INTO `doctor_schedule` (`doctor_id`, `schedule_date`, `time_period`, `max_patients`, `booked_patients`, `status`) VALUES (104, '2026-01-28', '上午', 20, 0, 1);
INSERT INTO `doctor_schedule` (`doctor_id`, `schedule_date`, `time_period`, `max_patients`, `booked_patients`, `status`) VALUES (104, '2026-01-28', '下午', 20, 0, 1);
INSERT INTO `doctor_schedule` (`doctor_id`, `schedule_date`, `time_period`, `max_patients`, `booked_patients`, `status`) VALUES (104, '2026-01-29', '上午', 20, 0, 1);
INSERT INTO `doctor_schedule` (`doctor_id`, `schedule_date`, `time_period`, `max_patients`, `booked_patients`, `status`) VALUES (104, '2026-01-29', '下午', 20, 0, 1);
INSERT INTO `doctor_schedule` (`doctor_id`, `schedule_date`, `time_period`, `max_patients`, `booked_patients`, `status`) VALUES (104, '2026-01-30', '上午', 20, 0, 1);
INSERT INTO `doctor_schedule` (`doctor_id`, `schedule_date`, `time_period`, `max_patients`, `booked_patients`, `status`) VALUES (104, '2026-01-30', '下午', 20, 0, 1);
INSERT INTO `doctor_schedule` (`doctor_id`, `schedule_date`, `time_period`, `max_patients`, `booked_patients`, `status`) VALUES (104, '2026-01-31', '上午', 20, 0, 1);
INSERT INTO `doctor_schedule` (`doctor_id`, `schedule_date`, `time_period`, `max_patients`, `booked_patients`, `status`) VALUES (104, '2026-01-31', '下午', 20, 0, 1);
INSERT INTO `doctor_schedule` (`doctor_id`, `schedule_date`, `time_period`, `max_patients`, `booked_patients`, `status`) VALUES (104, '2026-02-01', '上午', 20, 0, 1);
INSERT INTO `doctor_schedule` (`doctor_id`, `schedule_date`, `time_period`, `max_patients`, `booked_patients`, `status`) VALUES (104, '2026-02-01', '下午', 20, 0, 1);
INSERT INTO `doctor_schedule` (`doctor_id`, `schedule_date`, `time_period`, `max_patients`, `booked_patients`, `status`) VALUES (104, '2026-02-02', '上午', 20, 0, 1);
INSERT INTO `doctor_schedule` (`doctor_id`, `schedule_date`, `time_period`, `max_patients`, `booked_patients`, `status`) VALUES (104, '2026-02-02', '下午', 20, 0, 1);
INSERT INTO `doctor_schedule` (`doctor_id`, `schedule_date`, `time_period`, `max_patients`, `booked_patients`, `status`) VALUES (104, '2026-02-03', '上午', 20, 0, 1);
INSERT INTO `doctor_schedule` (`doctor_id`, `schedule_date`, `time_period`, `max_patients`, `booked_patients`, `status`) VALUES (104, '2026-02-03', '下午', 20, 0, 1);
INSERT INTO `doctor_schedule` (`doctor_id`, `schedule_date`, `time_period`, `max_patients`, `booked_patients`, `status`) VALUES (105, '2026-01-28', '上午', 20, 0, 1);
INSERT INTO `doctor_schedule` (`doctor_id`, `schedule_date`, `time_period`, `max_patients`, `booked_patients`, `status`) VALUES (105, '2026-01-28', '下午', 20, 0, 1);
INSERT INTO `doctor_schedule` (`doctor_id`, `schedule_date`, `time_period`, `max_patients`, `booked_patients`, `status`) VALUES (105, '2026-01-29', '上午', 20, 0, 1);
INSERT INTO `doctor_schedule` (`doctor_id`, `schedule_date`, `time_period`, `max_patients`, `booked_patients`, `status`) VALUES (105, '2026-01-29', '下午', 20, 0, 1);
INSERT INTO `doctor_schedule` (`doctor_id`, `schedule_date`, `time_period`, `max_patients`, `booked_patients`, `status`) VALUES (105, '2026-01-30', '上午', 20, 0, 1);
INSERT INTO `doctor_schedule` (`doctor_id`, `schedule_date`, `time_period`, `max_patients`, `booked_patients`, `status`) VALUES (105, '2026-01-30', '下午', 20, 0, 1);
INSERT INTO `doctor_schedule` (`doctor_id`, `schedule_date`, `time_period`, `max_patients`, `booked_patients`, `status`) VALUES (105, '2026-01-31', '上午', 20, 0, 1);
INSERT INTO `doctor_schedule` (`doctor_id`, `schedule_date`, `time_period`, `max_patients`, `booked_patients`, `status`) VALUES (105, '2026-01-31', '下午', 20, 0, 1);
INSERT INTO `doctor_schedule` (`doctor_id`, `schedule_date`, `time_period`, `max_patients`, `booked_patients`, `status`) VALUES (105, '2026-02-01', '上午', 20, 0, 1);
INSERT INTO `doctor_schedule` (`doctor_id`, `schedule_date`, `time_period`, `max_patients`, `booked_patients`, `status`) VALUES (105, '2026-02-01', '下午', 20, 0, 1);
INSERT INTO `doctor_schedule` (`doctor_id`, `schedule_date`, `time_period`, `max_patients`, `booked_patients`, `status`) VALUES (105, '2026-02-02', '上午', 20, 0, 1);
INSERT INTO `doctor_schedule` (`doctor_id`, `schedule_date`, `time_period`, `max_patients`, `booked_patients`, `status`) VALUES (105, '2026-02-02', '下午', 20, 0, 1);
INSERT INTO `doctor_schedule` (`doctor_id`, `schedule_date`, `time_period`, `max_patients`, `booked_patients`, `status`) VALUES (105, '2026-02-03', '上午', 20, 0, 1);
INSERT INTO `doctor_schedule` (`doctor_id`, `schedule_date`, `time_period`, `max_patients`, `booked_patients`, `status`) VALUES (105, '2026-02-03', '下午', 20, 0, 1);
INSERT INTO `doctor_schedule` (`doctor_id`, `schedule_date`, `time_period`, `max_patients`, `booked_patients`, `status`) VALUES (106, '2026-01-28', '上午', 20, 0, 1);
INSERT INTO `doctor_schedule` (`doctor_id`, `schedule_date`, `time_period`, `max_patients`, `booked_patients`, `status`) VALUES (106, '2026-01-28', '下午', 20, 0, 1);
INSERT INTO `doctor_schedule` (`doctor_id`, `schedule_date`, `time_period`, `max_patients`, `booked_patients`, `status`) VALUES (106, '2026-01-29', '上午', 20, 0, 1);
INSERT INTO `doctor_schedule` (`doctor_id`, `schedule_date`, `time_period`, `max_patients`, `booked_patients`, `status`) VALUES (106, '2026-01-29', '下午', 20, 0, 1);
INSERT INTO `doctor_schedule` (`doctor_id`, `schedule_date`, `time_period`, `max_patients`, `booked_patients`, `status`) VALUES (106, '2026-01-30', '上午', 20, 0, 1);
INSERT INTO `doctor_schedule` (`doctor_id`, `schedule_date`, `time_period`, `max_patients`, `booked_patients`, `status`) VALUES (106, '2026-01-30', '下午', 20, 0, 1);
INSERT INTO `doctor_schedule` (`doctor_id`, `schedule_date`, `time_period`, `max_patients`, `booked_patients`, `status`) VALUES (106, '2026-01-31', '上午', 20, 0, 1);
INSERT INTO `doctor_schedule` (`doctor_id`, `schedule_date`, `time_period`, `max_patients`, `booked_patients`, `status`) VALUES (106, '2026-01-31', '下午', 20, 0, 1);
INSERT INTO `doctor_schedule` (`doctor_id`, `schedule_date`, `time_period`, `max_patients`, `booked_patients`, `status`) VALUES (106, '2026-02-01', '上午', 20, 0, 1);
INSERT INTO `doctor_schedule` (`doctor_id`, `schedule_date`, `time_period`, `max_patients`, `booked_patients`, `status`) VALUES (106, '2026-02-01', '下午', 20, 0, 1);
INSERT INTO `doctor_schedule` (`doctor_id`, `schedule_date`, `time_period`, `max_patients`, `booked_patients`, `status`) VALUES (106, '2026-02-02', '上午', 20, 0, 1);
INSERT INTO `doctor_schedule` (`doctor_id`, `schedule_date`, `time_period`, `max_patients`, `booked_patients`, `status`) VALUES (106, '2026-02-02', '下午', 20, 0, 1);
INSERT INTO `doctor_schedule` (`doctor_id`, `schedule_date`, `time_period`, `max_patients`, `booked_patients`, `status`) VALUES (106, '2026-02-03', '上午', 20, 0, 1);
INSERT INTO `doctor_schedule` (`doctor_id`, `schedule_date`, `time_period`, `max_patients`, `booked_patients`, `status`) VALUES (106, '2026-02-03', '下午', 20, 0, 1);
INSERT INTO `doctor_schedule` (`doctor_id`, `schedule_date`, `time_period`, `max_patients`, `booked_patients`, `status`) VALUES (107, '2026-01-28', '上午', 20, 0, 1);
INSERT INTO `doctor_schedule` (`doctor_id`, `schedule_date`, `time_period`, `max_patients`, `booked_patients`, `status`) VALUES (107, '2026-01-28', '下午', 20, 0, 1);
INSERT INTO `doctor_schedule` (`doctor_id`, `schedule_date`, `time_period`, `max_patients`, `booked_patients`, `status`) VALUES (107, '2026-01-29', '上午', 20, 0, 1);
INSERT INTO `doctor_schedule` (`doctor_id`, `schedule_date`, `time_period`, `max_patients`, `booked_patients`, `status`) VALUES (107, '2026-01-29', '下午', 20, 0, 1);
INSERT INTO `doctor_schedule` (`doctor_id`, `schedule_date`, `time_period`, `max_patients`, `booked_patients`, `status`) VALUES (107, '2026-01-30', '上午', 20, 0, 1);
INSERT INTO `doctor_schedule` (`doctor_id`, `schedule_date`, `time_period`, `max_patients`, `booked_patients`, `status`) VALUES (107, '2026-01-30', '下午', 20, 0, 1);
INSERT INTO `doctor_schedule` (`doctor_id`, `schedule_date`, `time_period`, `max_patients`, `booked_patients`, `status`) VALUES (107, '2026-01-31', '上午', 20, 0, 1);
INSERT INTO `doctor_schedule` (`doctor_id`, `schedule_date`, `time_period`, `max_patients`, `booked_patients`, `status`) VALUES (107, '2026-01-31', '下午', 20, 0, 1);
INSERT INTO `doctor_schedule` (`doctor_id`, `schedule_date`, `time_period`, `max_patients`, `booked_patients`, `status`) VALUES (107, '2026-02-01', '上午', 20, 0, 1);
INSERT INTO `doctor_schedule` (`doctor_id`, `schedule_date`, `time_period`, `max_patients`, `booked_patients`, `status`) VALUES (107, '2026-02-01', '下午', 20, 0, 1);
INSERT INTO `doctor_schedule` (`doctor_id`, `schedule_date`, `time_period`, `max_patients`, `booked_patients`, `status`) VALUES (107, '2026-02-02', '上午', 20, 0, 1);
INSERT INTO `doctor_schedule` (`doctor_id`, `schedule_date`, `time_period`, `max_patients`, `booked_patients`, `status`) VALUES (107, '2026-02-02', '下午', 20, 0, 1);
INSERT INTO `doctor_schedule` (`doctor_id`, `schedule_date`, `time_period`, `max_patients`, `booked_patients`, `status`) VALUES (107, '2026-02-03', '上午', 20, 0, 1);
INSERT INTO `doctor_schedule` (`doctor_id`, `schedule_date`, `time_period`, `max_patients`, `booked_patients`, `status`) VALUES (107, '2026-02-03', '下午', 20, 0, 1);
INSERT INTO `doctor_schedule` (`doctor_id`, `schedule_date`, `time_period`, `max_patients`, `booked_patients`, `status`) VALUES (108, '2026-01-28', '上午', 20, 0, 1);
INSERT INTO `doctor_schedule` (`doctor_id`, `schedule_date`, `time_period`, `max_patients`, `booked_patients`, `status`) VALUES (108, '2026-01-28', '下午', 20, 0, 1);
INSERT INTO `doctor_schedule` (`doctor_id`, `schedule_date`, `time_period`, `max_patients`, `booked_patients`, `status`) VALUES (108, '2026-01-29', '上午', 20, 0, 1);
INSERT INTO `doctor_schedule` (`doctor_id`, `schedule_date`, `time_period`, `max_patients`, `booked_patients`, `status`) VALUES (108, '2026-01-29', '下午', 20, 0, 1);
INSERT INTO `doctor_schedule` (`doctor_id`, `schedule_date`, `time_period`, `max_patients`, `booked_patients`, `status`) VALUES (108, '2026-01-30', '上午', 20, 0, 1);
INSERT INTO `doctor_schedule` (`doctor_id`, `schedule_date`, `time_period`, `max_patients`, `booked_patients`, `status`) VALUES (108, '2026-01-30', '下午', 20, 0, 1);
INSERT INTO `doctor_schedule` (`doctor_id`, `schedule_date`, `time_period`, `max_patients`, `booked_patients`, `status`) VALUES (108, '2026-01-31', '上午', 20, 0, 1);
INSERT INTO `doctor_schedule` (`doctor_id`, `schedule_date`, `time_period`, `max_patients`, `booked_patients`, `status`) VALUES (108, '2026-01-31', '下午', 20, 0, 1);
INSERT INTO `doctor_schedule` (`doctor_id`, `schedule_date`, `time_period`, `max_patients`, `booked_patients`, `status`) VALUES (108, '2026-02-01', '上午', 20, 0, 1);
INSERT INTO `doctor_schedule` (`doctor_id`, `schedule_date`, `time_period`, `max_patients`, `booked_patients`, `status`) VALUES (108, '2026-02-01', '下午', 20, 0, 1);
INSERT INTO `doctor_schedule` (`doctor_id`, `schedule_date`, `time_period`, `max_patients`, `booked_patients`, `status`) VALUES (108, '2026-02-02', '上午', 20, 0, 1);
INSERT INTO `doctor_schedule` (`doctor_id`, `schedule_date`, `time_period`, `max_patients`, `booked_patients`, `status`) VALUES (108, '2026-02-02', '下午', 20, 0, 1);
INSERT INTO `doctor_schedule` (`doctor_id`, `schedule_date`, `time_period`, `max_patients`, `booked_patients`, `status`) VALUES (108, '2026-02-03', '上午', 20, 0, 1);
INSERT INTO `doctor_schedule` (`doctor_id`, `schedule_date`, `time_period`, `max_patients`, `booked_patients`, `status`) VALUES (108, '2026-02-03', '下午', 20, 0, 1);
INSERT INTO `doctor_schedule` (`doctor_id`, `schedule_date`, `time_period`, `max_patients`, `booked_patients`, `status`) VALUES (109, '2026-01-28', '上午', 20, 0, 1);
INSERT INTO `doctor_schedule` (`doctor_id`, `schedule_date`, `time_period`, `max_patients`, `booked_patients`, `status`) VALUES (109, '2026-01-28', '下午', 20, 0, 1);
INSERT INTO `doctor_schedule` (`doctor_id`, `schedule_date`, `time_period`, `max_patients`, `booked_patients`, `status`) VALUES (109, '2026-01-29', '上午', 20, 0, 1);
INSERT INTO `doctor_schedule` (`doctor_id`, `schedule_date`, `time_period`, `max_patients`, `booked_patients`, `status`) VALUES (109, '2026-01-29', '下午', 20, 0, 1);
INSERT INTO `doctor_schedule` (`doctor_id`, `schedule_date`, `time_period`, `max_patients`, `booked_patients`, `status`) VALUES (109, '2026-01-30', '上午', 20, 0, 1);
INSERT INTO `doctor_schedule` (`doctor_id`, `schedule_date`, `time_period`, `max_patients`, `booked_patients`, `status`) VALUES (109, '2026-01-30', '下午', 20, 0, 1);
INSERT INTO `doctor_schedule` (`doctor_id`, `schedule_date`, `time_period`, `max_patients`, `booked_patients`, `status`) VALUES (109, '2026-01-31', '上午', 20, 0, 1);
INSERT INTO `doctor_schedule` (`doctor_id`, `schedule_date`, `time_period`, `max_patients`, `booked_patients`, `status`) VALUES (109, '2026-01-31', '下午', 20, 0, 1);
INSERT INTO `doctor_schedule` (`doctor_id`, `schedule_date`, `time_period`, `max_patients`, `booked_patients`, `status`) VALUES (109, '2026-02-01', '上午', 20, 0, 1);
INSERT INTO `doctor_schedule` (`doctor_id`, `schedule_date`, `time_period`, `max_patients`, `booked_patients`, `status`) VALUES (109, '2026-02-01', '下午', 20, 0, 1);
INSERT INTO `doctor_schedule` (`doctor_id`, `schedule_date`, `time_period`, `max_patients`, `booked_patients`, `status`) VALUES (109, '2026-02-02', '上午', 20, 0, 1);
INSERT INTO `doctor_schedule` (`doctor_id`, `schedule_date`, `time_period`, `max_patients`, `booked_patients`, `status`) VALUES (109, '2026-02-02', '下午', 20, 0, 1);
INSERT INTO `doctor_schedule` (`doctor_id`, `schedule_date`, `time_period`, `max_patients`, `booked_patients`, `status`) VALUES (109, '2026-02-03', '上午', 20, 0, 1);
INSERT INTO `doctor_schedule` (`doctor_id`, `schedule_date`, `time_period`, `max_patients`, `booked_patients`, `status`) VALUES (109, '2026-02-03', '下午', 20, 0, 1);
INSERT INTO `doctor_schedule` (`doctor_id`, `schedule_date`, `time_period`, `max_patients`, `booked_patients`, `status`) VALUES (110, '2026-01-28', '上午', 20, 0, 1);
INSERT INTO `doctor_schedule` (`doctor_id`, `schedule_date`, `time_period`, `max_patients`, `booked_patients`, `status`) VALUES (110, '2026-01-28', '下午', 20, 0, 1);
INSERT INTO `doctor_schedule` (`doctor_id`, `schedule_date`, `time_period`, `max_patients`, `booked_patients`, `status`) VALUES (110, '2026-01-29', '上午', 20, 0, 1);
INSERT INTO `doctor_schedule` (`doctor_id`, `schedule_date`, `time_period`, `max_patients`, `booked_patients`, `status`) VALUES (110, '2026-01-29', '下午', 20, 0, 1);
INSERT INTO `doctor_schedule` (`doctor_id`, `schedule_date`, `time_period`, `max_patients`, `booked_patients`, `status`) VALUES (110, '2026-01-30', '上午', 20, 0, 1);
INSERT INTO `doctor_schedule` (`doctor_id`, `schedule_date`, `time_period`, `max_patients`, `booked_patients`, `status`) VALUES (110, '2026-01-30', '下午', 20, 0, 1);
INSERT INTO `doctor_schedule` (`doctor_id`, `schedule_date`, `time_period`, `max_patients`, `booked_patients`, `status`) VALUES (110, '2026-01-31', '上午', 20, 0, 1);
INSERT INTO `doctor_schedule` (`doctor_id`, `schedule_date`, `time_period`, `max_patients`, `booked_patients`, `status`) VALUES (110, '2026-01-31', '下午', 20, 0, 1);
INSERT INTO `doctor_schedule` (`doctor_id`, `schedule_date`, `time_period`, `max_patients`, `booked_patients`, `status`) VALUES (110, '2026-02-01', '上午', 20, 0, 1);
INSERT INTO `doctor_schedule` (`doctor_id`, `schedule_date`, `time_period`, `max_patients`, `booked_patients`, `status`) VALUES (110, '2026-02-01', '下午', 20, 0, 1);
INSERT INTO `doctor_schedule` (`doctor_id`, `schedule_date`, `time_period`, `max_patients`, `booked_patients`, `status`) VALUES (110, '2026-02-02', '上午', 20, 0, 1);
INSERT INTO `doctor_schedule` (`doctor_id`, `schedule_date`, `time_period`, `max_patients`, `booked_patients`, `status`) VALUES (110, '2026-02-02', '下午', 20, 0, 1);
INSERT INTO `doctor_schedule` (`doctor_id`, `schedule_date`, `time_period`, `max_patients`, `booked_patients`, `status`) VALUES (110, '2026-02-03', '上午', 20, 0, 1);
INSERT INTO `doctor_schedule` (`doctor_id`, `schedule_date`, `time_period`, `max_patients`, `booked_patients`, `status`) VALUES (110, '2026-02-03', '下午', 20, 0, 1);
INSERT INTO `doctor_schedule` (`doctor_id`, `schedule_date`, `time_period`, `max_patients`, `booked_patients`, `status`) VALUES (111, '2026-01-28', '上午', 20, 0, 1);
INSERT INTO `doctor_schedule` (`doctor_id`, `schedule_date`, `time_period`, `max_patients`, `booked_patients`, `status`) VALUES (111, '2026-01-28', '下午', 20, 0, 1);
INSERT INTO `doctor_schedule` (`doctor_id`, `schedule_date`, `time_period`, `max_patients`, `booked_patients`, `status`) VALUES (111, '2026-01-29', '上午', 20, 0, 1);
INSERT INTO `doctor_schedule` (`doctor_id`, `schedule_date`, `time_period`, `max_patients`, `booked_patients`, `status`) VALUES (111, '2026-01-29', '下午', 20, 0, 1);
INSERT INTO `doctor_schedule` (`doctor_id`, `schedule_date`, `time_period`, `max_patients`, `booked_patients`, `status`) VALUES (111, '2026-01-30', '上午', 20, 0, 1);
INSERT INTO `doctor_schedule` (`doctor_id`, `schedule_date`, `time_period`, `max_patients`, `booked_patients`, `status`) VALUES (111, '2026-01-30', '下午', 20, 0, 1);
INSERT INTO `doctor_schedule` (`doctor_id`, `schedule_date`, `time_period`, `max_patients`, `booked_patients`, `status`) VALUES (111, '2026-01-31', '上午', 20, 0, 1);
INSERT INTO `doctor_schedule` (`doctor_id`, `schedule_date`, `time_period`, `max_patients`, `booked_patients`, `status`) VALUES (111, '2026-01-31', '下午', 20, 0, 1);
INSERT INTO `doctor_schedule` (`doctor_id`, `schedule_date`, `time_period`, `max_patients`, `booked_patients`, `status`) VALUES (111, '2026-02-01', '上午', 20, 0, 1);
INSERT INTO `doctor_schedule` (`doctor_id`, `schedule_date`, `time_period`, `max_patients`, `booked_patients`, `status`) VALUES (111, '2026-02-01', '下午', 20, 0, 1);
INSERT INTO `doctor_schedule` (`doctor_id`, `schedule_date`, `time_period`, `max_patients`, `booked_patients`, `status`) VALUES (111, '2026-02-02', '上午', 20, 0, 1);
INSERT INTO `doctor_schedule` (`doctor_id`, `schedule_date`, `time_period`, `max_patients`, `booked_patients`, `status`) VALUES (111, '2026-02-02', '下午', 20, 0, 1);
INSERT INTO `doctor_schedule` (`doctor_id`, `schedule_date`, `time_period`, `max_patients`, `booked_patients`, `status`) VALUES (111, '2026-02-03', '上午', 20, 0, 1);
INSERT INTO `doctor_schedule` (`doctor_id`, `schedule_date`, `time_period`, `max_patients`, `booked_patients`, `status`) VALUES (111, '2026-02-03', '下午', 20, 0, 1);
INSERT INTO `doctor_schedule` (`doctor_id`, `schedule_date`, `time_period`, `max_patients`, `booked_patients`, `status`) VALUES (112, '2026-01-28', '上午', 20, 0, 1);
INSERT INTO `doctor_schedule` (`doctor_id`, `schedule_date`, `time_period`, `max_patients`, `booked_patients`, `status`) VALUES (112, '2026-01-28', '下午', 20, 0, 1);
INSERT INTO `doctor_schedule` (`doctor_id`, `schedule_date`, `time_period`, `max_patients`, `booked_patients`, `status`) VALUES (112, '2026-01-29', '上午', 20, 0, 1);
INSERT INTO `doctor_schedule` (`doctor_id`, `schedule_date`, `time_period`, `max_patients`, `booked_patients`, `status`) VALUES (112, '2026-01-29', '下午', 20, 0, 1);
INSERT INTO `doctor_schedule` (`doctor_id`, `schedule_date`, `time_period`, `max_patients`, `booked_patients`, `status`) VALUES (112, '2026-01-30', '上午', 20, 0, 1);
INSERT INTO `doctor_schedule` (`doctor_id`, `schedule_date`, `time_period`, `max_patients`, `booked_patients`, `status`) VALUES (112, '2026-01-30', '下午', 20, 0, 1);
INSERT INTO `doctor_schedule` (`doctor_id`, `schedule_date`, `time_period`, `max_patients`, `booked_patients`, `status`) VALUES (112, '2026-01-31', '上午', 20, 0, 1);
INSERT INTO `doctor_schedule` (`doctor_id`, `schedule_date`, `time_period`, `max_patients`, `booked_patients`, `status`) VALUES (112, '2026-01-31', '下午', 20, 0, 1);
INSERT INTO `doctor_schedule` (`doctor_id`, `schedule_date`, `time_period`, `max_patients`, `booked_patients`, `status`) VALUES (112, '2026-02-01', '上午', 20, 0, 1);
INSERT INTO `doctor_schedule` (`doctor_id`, `schedule_date`, `time_period`, `max_patients`, `booked_patients`, `status`) VALUES (112, '2026-02-01', '下午', 20, 0, 1);
INSERT INTO `doctor_schedule` (`doctor_id`, `schedule_date`, `time_period`, `max_patients`, `booked_patients`, `status`) VALUES (112, '2026-02-02', '上午', 20, 0, 1);
INSERT INTO `doctor_schedule` (`doctor_id`, `schedule_date`, `time_period`, `max_patients`, `booked_patients`, `status`) VALUES (112, '2026-02-02', '下午', 20, 0, 1);
INSERT INTO `doctor_schedule` (`doctor_id`, `schedule_date`, `time_period`, `max_patients`, `booked_patients`, `status`) VALUES (112, '2026-02-03', '上午', 20, 0, 1);
INSERT INTO `doctor_schedule` (`doctor_id`, `schedule_date`, `time_period`, `max_patients`, `booked_patients`, `status`) VALUES (112, '2026-02-03', '下午', 20, 0, 1);
INSERT INTO `doctor_schedule` (`doctor_id`, `schedule_date`, `time_period`, `max_patients`, `booked_patients`, `status`) VALUES (113, '2026-01-28', '上午', 20, 0, 1);
INSERT INTO `doctor_schedule` (`doctor_id`, `schedule_date`, `time_period`, `max_patients`, `booked_patients`, `status`) VALUES (113, '2026-01-28', '下午', 20, 0, 1);
INSERT INTO `doctor_schedule` (`doctor_id`, `schedule_date`, `time_period`, `max_patients`, `booked_patients`, `status`) VALUES (113, '2026-01-29', '上午', 20, 0, 1);
INSERT INTO `doctor_schedule` (`doctor_id`, `schedule_date`, `time_period`, `max_patients`, `booked_patients`, `status`) VALUES (113, '2026-01-29', '下午', 20, 0, 1);
INSERT INTO `doctor_schedule` (`doctor_id`, `schedule_date`, `time_period`, `max_patients`, `booked_patients`, `status`) VALUES (113, '2026-01-30', '上午', 20, 0, 1);
INSERT INTO `doctor_schedule` (`doctor_id`, `schedule_date`, `time_period`, `max_patients`, `booked_patients`, `status`) VALUES (113, '2026-01-30', '下午', 20, 0, 1);
INSERT INTO `doctor_schedule` (`doctor_id`, `schedule_date`, `time_period`, `max_patients`, `booked_patients`, `status`) VALUES (113, '2026-01-31', '上午', 20, 0, 1);
INSERT INTO `doctor_schedule` (`doctor_id`, `schedule_date`, `time_period`, `max_patients`, `booked_patients`, `status`) VALUES (113, '2026-01-31', '下午', 20, 0, 1);
INSERT INTO `doctor_schedule` (`doctor_id`, `schedule_date`, `time_period`, `max_patients`, `booked_patients`, `status`) VALUES (113, '2026-02-01', '上午', 20, 0, 1);
INSERT INTO `doctor_schedule` (`doctor_id`, `schedule_date`, `time_period`, `max_patients`, `booked_patients`, `status`) VALUES (113, '2026-02-01', '下午', 20, 0, 1);
INSERT INTO `doctor_schedule` (`doctor_id`, `schedule_date`, `time_period`, `max_patients`, `booked_patients`, `status`) VALUES (113, '2026-02-02', '上午', 20, 0, 1);
INSERT INTO `doctor_schedule` (`doctor_id`, `schedule_date`, `time_period`, `max_patients`, `booked_patients`, `status`) VALUES (113, '2026-02-02', '下午', 20, 0, 1);
INSERT INTO `doctor_schedule` (`doctor_id`, `schedule_date`, `time_period`, `max_patients`, `booked_patients`, `status`) VALUES (113, '2026-02-03', '上午', 20, 0, 1);
INSERT INTO `doctor_schedule` (`doctor_id`, `schedule_date`, `time_period`, `max_patients`, `booked_patients`, `status`) VALUES (113, '2026-02-03', '下午', 20, 0, 1);
INSERT INTO `doctor_schedule` (`doctor_id`, `schedule_date`, `time_period`, `max_patients`, `booked_patients`, `status`) VALUES (114, '2026-01-28', '上午', 20, 0, 1);
INSERT INTO `doctor_schedule` (`doctor_id`, `schedule_date`, `time_period`, `max_patients`, `booked_patients`, `status`) VALUES (114, '2026-01-28', '下午', 20, 0, 1);
INSERT INTO `doctor_schedule` (`doctor_id`, `schedule_date`, `time_period`, `max_patients`, `booked_patients`, `status`) VALUES (114, '2026-01-29', '上午', 20, 0, 1);
INSERT INTO `doctor_schedule` (`doctor_id`, `schedule_date`, `time_period`, `max_patients`, `booked_patients`, `status`) VALUES (114, '2026-01-29', '下午', 20, 0, 1);
INSERT INTO `doctor_schedule` (`doctor_id`, `schedule_date`, `time_period`, `max_patients`, `booked_patients`, `status`) VALUES (114, '2026-01-30', '上午', 20, 0, 1);
INSERT INTO `doctor_schedule` (`doctor_id`, `schedule_date`, `time_period`, `max_patients`, `booked_patients`, `status`) VALUES (114, '2026-01-30', '下午', 20, 0, 1);
INSERT INTO `doctor_schedule` (`doctor_id`, `schedule_date`, `time_period`, `max_patients`, `booked_patients`, `status`) VALUES (114, '2026-01-31', '上午', 20, 0, 1);
INSERT INTO `doctor_schedule` (`doctor_id`, `schedule_date`, `time_period`, `max_patients`, `booked_patients`, `status`) VALUES (114, '2026-01-31', '下午', 20, 0, 1);
INSERT INTO `doctor_schedule` (`doctor_id`, `schedule_date`, `time_period`, `max_patients`, `booked_patients`, `status`) VALUES (114, '2026-02-01', '上午', 20, 0, 1);
INSERT INTO `doctor_schedule` (`doctor_id`, `schedule_date`, `time_period`, `max_patients`, `booked_patients`, `status`) VALUES (114, '2026-02-01', '下午', 20, 0, 1);
INSERT INTO `doctor_schedule` (`doctor_id`, `schedule_date`, `time_period`, `max_patients`, `booked_patients`, `status`) VALUES (114, '2026-02-02', '上午', 20, 0, 1);
INSERT INTO `doctor_schedule` (`doctor_id`, `schedule_date`, `time_period`, `max_patients`, `booked_patients`, `status`) VALUES (114, '2026-02-02', '下午', 20, 0, 1);
INSERT INTO `doctor_schedule` (`doctor_id`, `schedule_date`, `time_period`, `max_patients`, `booked_patients`, `status`) VALUES (114, '2026-02-03', '上午', 20, 0, 1);
INSERT INTO `doctor_schedule` (`doctor_id`, `schedule_date`, `time_period`, `max_patients`, `booked_patients`, `status`) VALUES (114, '2026-02-03', '下午', 20, 0, 1);
INSERT INTO `doctor_schedule` (`doctor_id`, `schedule_date`, `time_period`, `max_patients`, `booked_patients`, `status`) VALUES (115, '2026-01-28', '上午', 20, 0, 1);
INSERT INTO `doctor_schedule` (`doctor_id`, `schedule_date`, `time_period`, `max_patients`, `booked_patients`, `status`) VALUES (115, '2026-01-28', '下午', 20, 0, 1);
INSERT INTO `doctor_schedule` (`doctor_id`, `schedule_date`, `time_period`, `max_patients`, `booked_patients`, `status`) VALUES (115, '2026-01-29', '上午', 20, 0, 1);
INSERT INTO `doctor_schedule` (`doctor_id`, `schedule_date`, `time_period`, `max_patients`, `booked_patients`, `status`) VALUES (115, '2026-01-29', '下午', 20, 0, 1);
INSERT INTO `doctor_schedule` (`doctor_id`, `schedule_date`, `time_period`, `max_patients`, `booked_patients`, `status`) VALUES (115, '2026-01-30', '上午', 20, 0, 1);
INSERT INTO `doctor_schedule` (`doctor_id`, `schedule_date`, `time_period`, `max_patients`, `booked_patients`, `status`) VALUES (115, '2026-01-30', '下午', 20, 0, 1);
INSERT INTO `doctor_schedule` (`doctor_id`, `schedule_date`, `time_period`, `max_patients`, `booked_patients`, `status`) VALUES (115, '2026-01-31', '上午', 20, 0, 1);
INSERT INTO `doctor_schedule` (`doctor_id`, `schedule_date`, `time_period`, `max_patients`, `booked_patients`, `status`) VALUES (115, '2026-01-31', '下午', 20, 0, 1);
INSERT INTO `doctor_schedule` (`doctor_id`, `schedule_date`, `time_period`, `max_patients`, `booked_patients`, `status`) VALUES (115, '2026-02-01', '上午', 20, 0, 1);
INSERT INTO `doctor_schedule` (`doctor_id`, `schedule_date`, `time_period`, `max_patients`, `booked_patients`, `status`) VALUES (115, '2026-02-01', '下午', 20, 0, 1);
INSERT INTO `doctor_schedule` (`doctor_id`, `schedule_date`, `time_period`, `max_patients`, `booked_patients`, `status`) VALUES (115, '2026-02-02', '上午', 20, 0, 1);
INSERT INTO `doctor_schedule` (`doctor_id`, `schedule_date`, `time_period`, `max_patients`, `booked_patients`, `status`) VALUES (115, '2026-02-02', '下午', 20, 0, 1);
INSERT INTO `doctor_schedule` (`doctor_id`, `schedule_date`, `time_period`, `max_patients`, `booked_patients`, `status`) VALUES (115, '2026-02-03', '上午', 20, 0, 1);
INSERT INTO `doctor_schedule` (`doctor_id`, `schedule_date`, `time_period`, `max_patients`, `booked_patients`, `status`) VALUES (115, '2026-02-03', '下午', 20, 0, 1);
INSERT INTO `doctor_schedule` (`doctor_id`, `schedule_date`, `time_period`, `max_patients`, `booked_patients`, `status`) VALUES (116, '2026-01-28', '上午', 20, 0, 1);
INSERT INTO `doctor_schedule` (`doctor_id`, `schedule_date`, `time_period`, `max_patients`, `booked_patients`, `status`) VALUES (116, '2026-01-28', '下午', 20, 0, 1);
INSERT INTO `doctor_schedule` (`doctor_id`, `schedule_date`, `time_period`, `max_patients`, `booked_patients`, `status`) VALUES (116, '2026-01-29', '上午', 20, 0, 1);
INSERT INTO `doctor_schedule` (`doctor_id`, `schedule_date`, `time_period`, `max_patients`, `booked_patients`, `status`) VALUES (116, '2026-01-29', '下午', 20, 0, 1);
INSERT INTO `doctor_schedule` (`doctor_id`, `schedule_date`, `time_period`, `max_patients`, `booked_patients`, `status`) VALUES (116, '2026-01-30', '上午', 20, 0, 1);
INSERT INTO `doctor_schedule` (`doctor_id`, `schedule_date`, `time_period`, `max_patients`, `booked_patients`, `status`) VALUES (116, '2026-01-30', '下午', 20, 0, 1);
INSERT INTO `doctor_schedule` (`doctor_id`, `schedule_date`, `time_period`, `max_patients`, `booked_patients`, `status`) VALUES (116, '2026-01-31', '上午', 20, 0, 1);
INSERT INTO `doctor_schedule` (`doctor_id`, `schedule_date`, `time_period`, `max_patients`, `booked_patients`, `status`) VALUES (116, '2026-01-31', '下午', 20, 0, 1);
INSERT INTO `doctor_schedule` (`doctor_id`, `schedule_date`, `time_period`, `max_patients`, `booked_patients`, `status`) VALUES (116, '2026-02-01', '上午', 20, 0, 1);
INSERT INTO `doctor_schedule` (`doctor_id`, `schedule_date`, `time_period`, `max_patients`, `booked_patients`, `status`) VALUES (116, '2026-02-01', '下午', 20, 0, 1);
INSERT INTO `doctor_schedule` (`doctor_id`, `schedule_date`, `time_period`, `max_patients`, `booked_patients`, `status`) VALUES (116, '2026-02-02', '上午', 20, 0, 1);
INSERT INTO `doctor_schedule` (`doctor_id`, `schedule_date`, `time_period`, `max_patients`, `booked_patients`, `status`) VALUES (116, '2026-02-02', '下午', 20, 0, 1);
INSERT INTO `doctor_schedule` (`doctor_id`, `schedule_date`, `time_period`, `max_patients`, `booked_patients`, `status`) VALUES (116, '2026-02-03', '上午', 20, 0, 1);
INSERT INTO `doctor_schedule` (`doctor_id`, `schedule_date`, `time_period`, `max_patients`, `booked_patients`, `status`) VALUES (116, '2026-02-03', '下午', 20, 0, 1);
INSERT INTO `doctor_schedule` (`doctor_id`, `schedule_date`, `time_period`, `max_patients`, `booked_patients`, `status`) VALUES (117, '2026-01-28', '上午', 20, 0, 1);
INSERT INTO `doctor_schedule` (`doctor_id`, `schedule_date`, `time_period`, `max_patients`, `booked_patients`, `status`) VALUES (117, '2026-01-28', '下午', 20, 0, 1);
INSERT INTO `doctor_schedule` (`doctor_id`, `schedule_date`, `time_period`, `max_patients`, `booked_patients`, `status`) VALUES (117, '2026-01-29', '上午', 20, 0, 1);
INSERT INTO `doctor_schedule` (`doctor_id`, `schedule_date`, `time_period`, `max_patients`, `booked_patients`, `status`) VALUES (117, '2026-01-29', '下午', 20, 0, 1);
INSERT INTO `doctor_schedule` (`doctor_id`, `schedule_date`, `time_period`, `max_patients`, `booked_patients`, `status`) VALUES (117, '2026-01-30', '上午', 20, 0, 1);
INSERT INTO `doctor_schedule` (`doctor_id`, `schedule_date`, `time_period`, `max_patients`, `booked_patients`, `status`) VALUES (117, '2026-01-30', '下午', 20, 0, 1);
INSERT INTO `doctor_schedule` (`doctor_id`, `schedule_date`, `time_period`, `max_patients`, `booked_patients`, `status`) VALUES (117, '2026-01-31', '上午', 20, 0, 1);
INSERT INTO `doctor_schedule` (`doctor_id`, `schedule_date`, `time_period`, `max_patients`, `booked_patients`, `status`) VALUES (117, '2026-01-31', '下午', 20, 0, 1);
INSERT INTO `doctor_schedule` (`doctor_id`, `schedule_date`, `time_period`, `max_patients`, `booked_patients`, `status`) VALUES (117, '2026-02-01', '上午', 20, 0, 1);
INSERT INTO `doctor_schedule` (`doctor_id`, `schedule_date`, `time_period`, `max_patients`, `booked_patients`, `status`) VALUES (117, '2026-02-01', '下午', 20, 0, 1);
INSERT INTO `doctor_schedule` (`doctor_id`, `schedule_date`, `time_period`, `max_patients`, `booked_patients`, `status`) VALUES (117, '2026-02-02', '上午', 20, 0, 1);
INSERT INTO `doctor_schedule` (`doctor_id`, `schedule_date`, `time_period`, `max_patients`, `booked_patients`, `status`) VALUES (117, '2026-02-02', '下午', 20, 0, 1);
INSERT INTO `doctor_schedule` (`doctor_id`, `schedule_date`, `time_period`, `max_patients`, `booked_patients`, `status`) VALUES (117, '2026-02-03', '上午', 20, 0, 1);
INSERT INTO `doctor_schedule` (`doctor_id`, `schedule_date`, `time_period`, `max_patients`, `booked_patients`, `status`) VALUES (117, '2026-02-03', '下午', 20, 0, 1);
INSERT INTO `doctor_schedule` (`doctor_id`, `schedule_date`, `time_period`, `max_patients`, `booked_patients`, `status`) VALUES (118, '2026-01-28', '上午', 20, 0, 1);
INSERT INTO `doctor_schedule` (`doctor_id`, `schedule_date`, `time_period`, `max_patients`, `booked_patients`, `status`) VALUES (118, '2026-01-28', '下午', 20, 0, 1);
INSERT INTO `doctor_schedule` (`doctor_id`, `schedule_date`, `time_period`, `max_patients`, `booked_patients`, `status`) VALUES (118, '2026-01-29', '上午', 20, 0, 1);
INSERT INTO `doctor_schedule` (`doctor_id`, `schedule_date`, `time_period`, `max_patients`, `booked_patients`, `status`) VALUES (118, '2026-01-29', '下午', 20, 0, 1);
INSERT INTO `doctor_schedule` (`doctor_id`, `schedule_date`, `time_period`, `max_patients`, `booked_patients`, `status`) VALUES (118, '2026-01-30', '上午', 20, 0, 1);
INSERT INTO `doctor_schedule` (`doctor_id`, `schedule_date`, `time_period`, `max_patients`, `booked_patients`, `status`) VALUES (118, '2026-01-30', '下午', 20, 0, 1);
INSERT INTO `doctor_schedule` (`doctor_id`, `schedule_date`, `time_period`, `max_patients`, `booked_patients`, `status`) VALUES (118, '2026-01-31', '上午', 20, 0, 1);
INSERT INTO `doctor_schedule` (`doctor_id`, `schedule_date`, `time_period`, `max_patients`, `booked_patients`, `status`) VALUES (118, '2026-01-31', '下午', 20, 0, 1);
INSERT INTO `doctor_schedule` (`doctor_id`, `schedule_date`, `time_period`, `max_patients`, `booked_patients`, `status`) VALUES (118, '2026-02-01', '上午', 20, 0, 1);
INSERT INTO `doctor_schedule` (`doctor_id`, `schedule_date`, `time_period`, `max_patients`, `booked_patients`, `status`) VALUES (118, '2026-02-01', '下午', 20, 0, 1);
INSERT INTO `doctor_schedule` (`doctor_id`, `schedule_date`, `time_period`, `max_patients`, `booked_patients`, `status`) VALUES (118, '2026-02-02', '上午', 20, 0, 1);
INSERT INTO `doctor_schedule` (`doctor_id`, `schedule_date`, `time_period`, `max_patients`, `booked_patients`, `status`) VALUES (118, '2026-02-02', '下午', 20, 0, 1);
INSERT INTO `doctor_schedule` (`doctor_id`, `schedule_date`, `time_period`, `max_patients`, `booked_patients`, `status`) VALUES (118, '2026-02-03', '上午', 20, 0, 1);
INSERT INTO `doctor_schedule` (`doctor_id`, `schedule_date`, `time_period`, `max_patients`, `booked_patients`, `status`) VALUES (118, '2026-02-03', '下午', 20, 0, 1);
INSERT INTO `doctor_schedule` (`doctor_id`, `schedule_date`, `time_period`, `max_patients`, `booked_patients`, `status`) VALUES (119, '2026-01-28', '上午', 20, 0, 1);
INSERT INTO `doctor_schedule` (`doctor_id`, `schedule_date`, `time_period`, `max_patients`, `booked_patients`, `status`) VALUES (119, '2026-01-28', '下午', 20, 0, 1);
INSERT INTO `doctor_schedule` (`doctor_id`, `schedule_date`, `time_period`, `max_patients`, `booked_patients`, `status`) VALUES (119, '2026-01-29', '上午', 20, 0, 1);
INSERT INTO `doctor_schedule` (`doctor_id`, `schedule_date`, `time_period`, `max_patients`, `booked_patients`, `status`) VALUES (119, '2026-01-29', '下午', 20, 0, 1);
INSERT INTO `doctor_schedule` (`doctor_id`, `schedule_date`, `time_period`, `max_patients`, `booked_patients`, `status`) VALUES (119, '2026-01-30', '上午', 20, 0, 1);
INSERT INTO `doctor_schedule` (`doctor_id`, `schedule_date`, `time_period`, `max_patients`, `booked_patients`, `status`) VALUES (119, '2026-01-30', '下午', 20, 0, 1);
INSERT INTO `doctor_schedule` (`doctor_id`, `schedule_date`, `time_period`, `max_patients`, `booked_patients`, `status`) VALUES (119, '2026-01-31', '上午', 20, 0, 1);
INSERT INTO `doctor_schedule` (`doctor_id`, `schedule_date`, `time_period`, `max_patients`, `booked_patients`, `status`) VALUES (119, '2026-01-31', '下午', 20, 0, 1);
INSERT INTO `doctor_schedule` (`doctor_id`, `schedule_date`, `time_period`, `max_patients`, `booked_patients`, `status`) VALUES (119, '2026-02-01', '上午', 20, 0, 1);
INSERT INTO `doctor_schedule` (`doctor_id`, `schedule_date`, `time_period`, `max_patients`, `booked_patients`, `status`) VALUES (119, '2026-02-01', '下午', 20, 0, 1);
INSERT INTO `doctor_schedule` (`doctor_id`, `schedule_date`, `time_period`, `max_patients`, `booked_patients`, `status`) VALUES (119, '2026-02-02', '上午', 20, 0, 1);
INSERT INTO `doctor_schedule` (`doctor_id`, `schedule_date`, `time_period`, `max_patients`, `booked_patients`, `status`) VALUES (119, '2026-02-02', '下午', 20, 0, 1);
INSERT INTO `doctor_schedule` (`doctor_id`, `schedule_date`, `time_period`, `max_patients`, `booked_patients`, `status`) VALUES (119, '2026-02-03', '上午', 20, 0, 1);
INSERT INTO `doctor_schedule` (`doctor_id`, `schedule_date`, `time_period`, `max_patients`, `booked_patients`, `status`) VALUES (119, '2026-02-03', '下午', 20, 0, 1);
INSERT INTO `doctor_schedule` (`doctor_id`, `schedule_date`, `time_period`, `max_patients`, `booked_patients`, `status`) VALUES (120, '2026-01-28', '上午', 20, 0, 1);
INSERT INTO `doctor_schedule` (`doctor_id`, `schedule_date`, `time_period`, `max_patients`, `booked_patients`, `status`) VALUES (120, '2026-01-28', '下午', 20, 0, 1);
INSERT INTO `doctor_schedule` (`doctor_id`, `schedule_date`, `time_period`, `max_patients`, `booked_patients`, `status`) VALUES (120, '2026-01-29', '上午', 20, 0, 1);
INSERT INTO `doctor_schedule` (`doctor_id`, `schedule_date`, `time_period`, `max_patients`, `booked_patients`, `status`) VALUES (120, '2026-01-29', '下午', 20, 0, 1);
INSERT INTO `doctor_schedule` (`doctor_id`, `schedule_date`, `time_period`, `max_patients`, `booked_patients`, `status`) VALUES (120, '2026-01-30', '上午', 20, 0, 1);
INSERT INTO `doctor_schedule` (`doctor_id`, `schedule_date`, `time_period`, `max_patients`, `booked_patients`, `status`) VALUES (120, '2026-01-30', '下午', 20, 0, 1);
INSERT INTO `doctor_schedule` (`doctor_id`, `schedule_date`, `time_period`, `max_patients`, `booked_patients`, `status`) VALUES (120, '2026-01-31', '上午', 20, 0, 1);
INSERT INTO `doctor_schedule` (`doctor_id`, `schedule_date`, `time_period`, `max_patients`, `booked_patients`, `status`) VALUES (120, '2026-01-31', '下午', 20, 0, 1);
INSERT INTO `doctor_schedule` (`doctor_id`, `schedule_date`, `time_period`, `max_patients`, `booked_patients`, `status`) VALUES (120, '2026-02-01', '上午', 20, 0, 1);
INSERT INTO `doctor_schedule` (`doctor_id`, `schedule_date`, `time_period`, `max_patients`, `booked_patients`, `status`) VALUES (120, '2026-02-01', '下午', 20, 0, 1);
INSERT INTO `doctor_schedule` (`doctor_id`, `schedule_date`, `time_period`, `max_patients`, `booked_patients`, `status`) VALUES (120, '2026-02-02', '上午', 20, 0, 1);
INSERT INTO `doctor_schedule` (`doctor_id`, `schedule_date`, `time_period`, `max_patients`, `booked_patients`, `status`) VALUES (120, '2026-02-02', '下午', 20, 0, 1);
INSERT INTO `doctor_schedule` (`doctor_id`, `schedule_date`, `time_period`, `max_patients`, `booked_patients`, `status`) VALUES (120, '2026-02-03', '上午', 20, 0, 1);
INSERT INTO `doctor_schedule` (`doctor_id`, `schedule_date`, `time_period`, `max_patients`, `booked_patients`, `status`) VALUES (120, '2026-02-03', '下午', 20, 0, 1);
INSERT INTO `doctor_schedule` (`doctor_id`, `schedule_date`, `time_period`, `max_patients`, `booked_patients`, `status`) VALUES (121, '2026-01-28', '上午', 20, 0, 1);
INSERT INTO `doctor_schedule` (`doctor_id`, `schedule_date`, `time_period`, `max_patients`, `booked_patients`, `status`) VALUES (121, '2026-01-28', '下午', 20, 0, 1);
INSERT INTO `doctor_schedule` (`doctor_id`, `schedule_date`, `time_period`, `max_patients`, `booked_patients`, `status`) VALUES (121, '2026-01-29', '上午', 20, 0, 1);
INSERT INTO `doctor_schedule` (`doctor_id`, `schedule_date`, `time_period`, `max_patients`, `booked_patients`, `status`) VALUES (121, '2026-01-29', '下午', 20, 0, 1);
INSERT INTO `doctor_schedule` (`doctor_id`, `schedule_date`, `time_period`, `max_patients`, `booked_patients`, `status`) VALUES (121, '2026-01-30', '上午', 20, 0, 1);
INSERT INTO `doctor_schedule` (`doctor_id`, `schedule_date`, `time_period`, `max_patients`, `booked_patients`, `status`) VALUES (121, '2026-01-30', '下午', 20, 0, 1);
INSERT INTO `doctor_schedule` (`doctor_id`, `schedule_date`, `time_period`, `max_patients`, `booked_patients`, `status`) VALUES (121, '2026-01-31', '上午', 20, 0, 1);
INSERT INTO `doctor_schedule` (`doctor_id`, `schedule_date`, `time_period`, `max_patients`, `booked_patients`, `status`) VALUES (121, '2026-01-31', '下午', 20, 0, 1);
INSERT INTO `doctor_schedule` (`doctor_id`, `schedule_date`, `time_period`, `max_patients`, `booked_patients`, `status`) VALUES (121, '2026-02-01', '上午', 20, 0, 1);
INSERT INTO `doctor_schedule` (`doctor_id`, `schedule_date`, `time_period`, `max_patients`, `booked_patients`, `status`) VALUES (121, '2026-02-01', '下午', 20, 0, 1);
INSERT INTO `doctor_schedule` (`doctor_id`, `schedule_date`, `time_period`, `max_patients`, `booked_patients`, `status`) VALUES (121, '2026-02-02', '上午', 20, 0, 1);
INSERT INTO `doctor_schedule` (`doctor_id`, `schedule_date`, `time_period`, `max_patients`, `booked_patients`, `status`) VALUES (121, '2026-02-02', '下午', 20, 0, 1);
INSERT INTO `doctor_schedule` (`doctor_id`, `schedule_date`, `time_period`, `max_patients`, `booked_patients`, `status`) VALUES (121, '2026-02-03', '上午', 20, 0, 1);
INSERT INTO `doctor_schedule` (`doctor_id`, `schedule_date`, `time_period`, `max_patients`, `booked_patients`, `status`) VALUES (121, '2026-02-03', '下午', 20, 0, 1);
INSERT INTO `doctor_schedule` (`doctor_id`, `schedule_date`, `time_period`, `max_patients`, `booked_patients`, `status`) VALUES (122, '2026-01-28', '上午', 20, 0, 1);
INSERT INTO `doctor_schedule` (`doctor_id`, `schedule_date`, `time_period`, `max_patients`, `booked_patients`, `status`) VALUES (122, '2026-01-28', '下午', 20, 0, 1);
INSERT INTO `doctor_schedule` (`doctor_id`, `schedule_date`, `time_period`, `max_patients`, `booked_patients`, `status`) VALUES (122, '2026-01-29', '上午', 20, 0, 1);
INSERT INTO `doctor_schedule` (`doctor_id`, `schedule_date`, `time_period`, `max_patients`, `booked_patients`, `status`) VALUES (122, '2026-01-29', '下午', 20, 0, 1);
INSERT INTO `doctor_schedule` (`doctor_id`, `schedule_date`, `time_period`, `max_patients`, `booked_patients`, `status`) VALUES (122, '2026-01-30', '上午', 20, 0, 1);
INSERT INTO `doctor_schedule` (`doctor_id`, `schedule_date`, `time_period`, `max_patients`, `booked_patients`, `status`) VALUES (122, '2026-01-30', '下午', 20, 0, 1);
INSERT INTO `doctor_schedule` (`doctor_id`, `schedule_date`, `time_period`, `max_patients`, `booked_patients`, `status`) VALUES (122, '2026-01-31', '上午', 20, 0, 1);
INSERT INTO `doctor_schedule` (`doctor_id`, `schedule_date`, `time_period`, `max_patients`, `booked_patients`, `status`) VALUES (122, '2026-01-31', '下午', 20, 0, 1);
INSERT INTO `doctor_schedule` (`doctor_id`, `schedule_date`, `time_period`, `max_patients`, `booked_patients`, `status`) VALUES (122, '2026-02-01', '上午', 20, 0, 1);
INSERT INTO `doctor_schedule` (`doctor_id`, `schedule_date`, `time_period`, `max_patients`, `booked_patients`, `status`) VALUES (122, '2026-02-01', '下午', 20, 0, 1);
INSERT INTO `doctor_schedule` (`doctor_id`, `schedule_date`, `time_period`, `max_patients`, `booked_patients`, `status`) VALUES (122, '2026-02-02', '上午', 20, 0, 1);
INSERT INTO `doctor_schedule` (`doctor_id`, `schedule_date`, `time_period`, `max_patients`, `booked_patients`, `status`) VALUES (122, '2026-02-02', '下午', 20, 0, 1);
INSERT INTO `doctor_schedule` (`doctor_id`, `schedule_date`, `time_period`, `max_patients`, `booked_patients`, `status`) VALUES (122, '2026-02-03', '上午', 20, 0, 1);
INSERT INTO `doctor_schedule` (`doctor_id`, `schedule_date`, `time_period`, `max_patients`, `booked_patients`, `status`) VALUES (122, '2026-02-03', '下午', 20, 0, 1);
INSERT INTO `doctor_schedule` (`doctor_id`, `schedule_date`, `time_period`, `max_patients`, `booked_patients`, `status`) VALUES (123, '2026-01-28', '上午', 20, 0, 1);
INSERT INTO `doctor_schedule` (`doctor_id`, `schedule_date`, `time_period`, `max_patients`, `booked_patients`, `status`) VALUES (123, '2026-01-28', '下午', 20, 0, 1);
INSERT INTO `doctor_schedule` (`doctor_id`, `schedule_date`, `time_period`, `max_patients`, `booked_patients`, `status`) VALUES (123, '2026-01-29', '上午', 20, 0, 1);
INSERT INTO `doctor_schedule` (`doctor_id`, `schedule_date`, `time_period`, `max_patients`, `booked_patients`, `status`) VALUES (123, '2026-01-29', '下午', 20, 0, 1);
INSERT INTO `doctor_schedule` (`doctor_id`, `schedule_date`, `time_period`, `max_patients`, `booked_patients`, `status`) VALUES (123, '2026-01-30', '上午', 20, 0, 1);
INSERT INTO `doctor_schedule` (`doctor_id`, `schedule_date`, `time_period`, `max_patients`, `booked_patients`, `status`) VALUES (123, '2026-01-30', '下午', 20, 0, 1);
INSERT INTO `doctor_schedule` (`doctor_id`, `schedule_date`, `time_period`, `max_patients`, `booked_patients`, `status`) VALUES (123, '2026-01-31', '上午', 20, 0, 1);
INSERT INTO `doctor_schedule` (`doctor_id`, `schedule_date`, `time_period`, `max_patients`, `booked_patients`, `status`) VALUES (123, '2026-01-31', '下午', 20, 0, 1);
INSERT INTO `doctor_schedule` (`doctor_id`, `schedule_date`, `time_period`, `max_patients`, `booked_patients`, `status`) VALUES (123, '2026-02-01', '上午', 20, 0, 1);
INSERT INTO `doctor_schedule` (`doctor_id`, `schedule_date`, `time_period`, `max_patients`, `booked_patients`, `status`) VALUES (123, '2026-02-01', '下午', 20, 0, 1);
INSERT INTO `doctor_schedule` (`doctor_id`, `schedule_date`, `time_period`, `max_patients`, `booked_patients`, `status`) VALUES (123, '2026-02-02', '上午', 20, 0, 1);
INSERT INTO `doctor_schedule` (`doctor_id`, `schedule_date`, `time_period`, `max_patients`, `booked_patients`, `status`) VALUES (123, '2026-02-02', '下午', 20, 0, 1);
INSERT INTO `doctor_schedule` (`doctor_id`, `schedule_date`, `time_period`, `max_patients`, `booked_patients`, `status`) VALUES (123, '2026-02-03', '上午', 20, 0, 1);
INSERT INTO `doctor_schedule` (`doctor_id`, `schedule_date`, `time_period`, `max_patients`, `booked_patients`, `status`) VALUES (123, '2026-02-03', '下午', 20, 0, 1);
INSERT INTO `doctor_schedule` (`doctor_id`, `schedule_date`, `time_period`, `max_patients`, `booked_patients`, `status`) VALUES (124, '2026-01-28', '上午', 20, 0, 1);
INSERT INTO `doctor_schedule` (`doctor_id`, `schedule_date`, `time_period`, `max_patients`, `booked_patients`, `status`) VALUES (124, '2026-01-28', '下午', 20, 0, 1);
INSERT INTO `doctor_schedule` (`doctor_id`, `schedule_date`, `time_period`, `max_patients`, `booked_patients`, `status`) VALUES (124, '2026-01-29', '上午', 20, 0, 1);
INSERT INTO `doctor_schedule` (`doctor_id`, `schedule_date`, `time_period`, `max_patients`, `booked_patients`, `status`) VALUES (124, '2026-01-29', '下午', 20, 0, 1);
INSERT INTO `doctor_schedule` (`doctor_id`, `schedule_date`, `time_period`, `max_patients`, `booked_patients`, `status`) VALUES (124, '2026-01-30', '上午', 20, 0, 1);
INSERT INTO `doctor_schedule` (`doctor_id`, `schedule_date`, `time_period`, `max_patients`, `booked_patients`, `status`) VALUES (124, '2026-01-30', '下午', 20, 0, 1);
INSERT INTO `doctor_schedule` (`doctor_id`, `schedule_date`, `time_period`, `max_patients`, `booked_patients`, `status`) VALUES (124, '2026-01-31', '上午', 20, 0, 1);
INSERT INTO `doctor_schedule` (`doctor_id`, `schedule_date`, `time_period`, `max_patients`, `booked_patients`, `status`) VALUES (124, '2026-01-31', '下午', 20, 0, 1);
INSERT INTO `doctor_schedule` (`doctor_id`, `schedule_date`, `time_period`, `max_patients`, `booked_patients`, `status`) VALUES (124, '2026-02-01', '上午', 20, 0, 1);
INSERT INTO `doctor_schedule` (`doctor_id`, `schedule_date`, `time_period`, `max_patients`, `booked_patients`, `status`) VALUES (124, '2026-02-01', '下午', 20, 0, 1);
INSERT INTO `doctor_schedule` (`doctor_id`, `schedule_date`, `time_period`, `max_patients`, `booked_patients`, `status`) VALUES (124, '2026-02-02', '上午', 20, 0, 1);
INSERT INTO `doctor_schedule` (`doctor_id`, `schedule_date`, `time_period`, `max_patients`, `booked_patients`, `status`) VALUES (124, '2026-02-02', '下午', 20, 0, 1);
INSERT INTO `doctor_schedule` (`doctor_id`, `schedule_date`, `time_period`, `max_patients`, `booked_patients`, `status`) VALUES (124, '2026-02-03', '上午', 20, 0, 1);
INSERT INTO `doctor_schedule` (`doctor_id`, `schedule_date`, `time_period`, `max_patients`, `booked_patients`, `status`) VALUES (124, '2026-02-03', '下午', 20, 0, 1);
INSERT INTO `doctor_schedule` (`doctor_id`, `schedule_date`, `time_period`, `max_patients`, `booked_patients`, `status`) VALUES (125, '2026-01-28', '上午', 20, 0, 1);
INSERT INTO `doctor_schedule` (`doctor_id`, `schedule_date`, `time_period`, `max_patients`, `booked_patients`, `status`) VALUES (125, '2026-01-28', '下午', 20, 0, 1);
INSERT INTO `doctor_schedule` (`doctor_id`, `schedule_date`, `time_period`, `max_patients`, `booked_patients`, `status`) VALUES (125, '2026-01-29', '上午', 20, 0, 1);
INSERT INTO `doctor_schedule` (`doctor_id`, `schedule_date`, `time_period`, `max_patients`, `booked_patients`, `status`) VALUES (125, '2026-01-29', '下午', 20, 0, 1);
INSERT INTO `doctor_schedule` (`doctor_id`, `schedule_date`, `time_period`, `max_patients`, `booked_patients`, `status`) VALUES (125, '2026-01-30', '上午', 20, 0, 1);
INSERT INTO `doctor_schedule` (`doctor_id`, `schedule_date`, `time_period`, `max_patients`, `booked_patients`, `status`) VALUES (125, '2026-01-30', '下午', 20, 0, 1);
INSERT INTO `doctor_schedule` (`doctor_id`, `schedule_date`, `time_period`, `max_patients`, `booked_patients`, `status`) VALUES (125, '2026-01-31', '上午', 20, 0, 1);
INSERT INTO `doctor_schedule` (`doctor_id`, `schedule_date`, `time_period`, `max_patients`, `booked_patients`, `status`) VALUES (125, '2026-01-31', '下午', 20, 0, 1);
INSERT INTO `doctor_schedule` (`doctor_id`, `schedule_date`, `time_period`, `max_patients`, `booked_patients`, `status`) VALUES (125, '2026-02-01', '上午', 20, 0, 1);
INSERT INTO `doctor_schedule` (`doctor_id`, `schedule_date`, `time_period`, `max_patients`, `booked_patients`, `status`) VALUES (125, '2026-02-01', '下午', 20, 0, 1);
INSERT INTO `doctor_schedule` (`doctor_id`, `schedule_date`, `time_period`, `max_patients`, `booked_patients`, `status`) VALUES (125, '2026-02-02', '上午', 20, 0, 1);
INSERT INTO `doctor_schedule` (`doctor_id`, `schedule_date`, `time_period`, `max_patients`, `booked_patients`, `status`) VALUES (125, '2026-02-02', '下午', 20, 0, 1);
INSERT INTO `doctor_schedule` (`doctor_id`, `schedule_date`, `time_period`, `max_patients`, `booked_patients`, `status`) VALUES (125, '2026-02-03', '上午', 20, 0, 1);
INSERT INTO `doctor_schedule` (`doctor_id`, `schedule_date`, `time_period`, `max_patients`, `booked_patients`, `status`) VALUES (125, '2026-02-03', '下午', 20, 0, 1);
INSERT INTO `doctor_schedule` (`doctor_id`, `schedule_date`, `time_period`, `max_patients`, `booked_patients`, `status`) VALUES (126, '2026-01-28', '上午', 20, 0, 1);
INSERT INTO `doctor_schedule` (`doctor_id`, `schedule_date`, `time_period`, `max_patients`, `booked_patients`, `status`) VALUES (126, '2026-01-28', '下午', 20, 0, 1);
INSERT INTO `doctor_schedule` (`doctor_id`, `schedule_date`, `time_period`, `max_patients`, `booked_patients`, `status`) VALUES (126, '2026-01-29', '上午', 20, 0, 1);
INSERT INTO `doctor_schedule` (`doctor_id`, `schedule_date`, `time_period`, `max_patients`, `booked_patients`, `status`) VALUES (126, '2026-01-29', '下午', 20, 0, 1);
INSERT INTO `doctor_schedule` (`doctor_id`, `schedule_date`, `time_period`, `max_patients`, `booked_patients`, `status`) VALUES (126, '2026-01-30', '上午', 20, 0, 1);
INSERT INTO `doctor_schedule` (`doctor_id`, `schedule_date`, `time_period`, `max_patients`, `booked_patients`, `status`) VALUES (126, '2026-01-30', '下午', 20, 0, 1);
INSERT INTO `doctor_schedule` (`doctor_id`, `schedule_date`, `time_period`, `max_patients`, `booked_patients`, `status`) VALUES (126, '2026-01-31', '上午', 20, 0, 1);
INSERT INTO `doctor_schedule` (`doctor_id`, `schedule_date`, `time_period`, `max_patients`, `booked_patients`, `status`) VALUES (126, '2026-01-31', '下午', 20, 0, 1);
INSERT INTO `doctor_schedule` (`doctor_id`, `schedule_date`, `time_period`, `max_patients`, `booked_patients`, `status`) VALUES (126, '2026-02-01', '上午', 20, 0, 1);
INSERT INTO `doctor_schedule` (`doctor_id`, `schedule_date`, `time_period`, `max_patients`, `booked_patients`, `status`) VALUES (126, '2026-02-01', '下午', 20, 0, 1);
INSERT INTO `doctor_schedule` (`doctor_id`, `schedule_date`, `time_period`, `max_patients`, `booked_patients`, `status`) VALUES (126, '2026-02-02', '上午', 20, 0, 1);
INSERT INTO `doctor_schedule` (`doctor_id`, `schedule_date`, `time_period`, `max_patients`, `booked_patients`, `status`) VALUES (126, '2026-02-02', '下午', 20, 0, 1);
INSERT INTO `doctor_schedule` (`doctor_id`, `schedule_date`, `time_period`, `max_patients`, `booked_patients`, `status`) VALUES (126, '2026-02-03', '上午', 20, 0, 1);
INSERT INTO `doctor_schedule` (`doctor_id`, `schedule_date`, `time_period`, `max_patients`, `booked_patients`, `status`) VALUES (126, '2026-02-03', '下午', 20, 0, 1);
INSERT INTO `doctor_schedule` (`doctor_id`, `schedule_date`, `time_period`, `max_patients`, `booked_patients`, `status`) VALUES (127, '2026-01-28', '上午', 20, 0, 1);
INSERT INTO `doctor_schedule` (`doctor_id`, `schedule_date`, `time_period`, `max_patients`, `booked_patients`, `status`) VALUES (127, '2026-01-28', '下午', 20, 0, 1);
INSERT INTO `doctor_schedule` (`doctor_id`, `schedule_date`, `time_period`, `max_patients`, `booked_patients`, `status`) VALUES (127, '2026-01-29', '上午', 20, 0, 1);
INSERT INTO `doctor_schedule` (`doctor_id`, `schedule_date`, `time_period`, `max_patients`, `booked_patients`, `status`) VALUES (127, '2026-01-29', '下午', 20, 0, 1);
INSERT INTO `doctor_schedule` (`doctor_id`, `schedule_date`, `time_period`, `max_patients`, `booked_patients`, `status`) VALUES (127, '2026-01-30', '上午', 20, 0, 1);
INSERT INTO `doctor_schedule` (`doctor_id`, `schedule_date`, `time_period`, `max_patients`, `booked_patients`, `status`) VALUES (127, '2026-01-30', '下午', 20, 0, 1);
INSERT INTO `doctor_schedule` (`doctor_id`, `schedule_date`, `time_period`, `max_patients`, `booked_patients`, `status`) VALUES (127, '2026-01-31', '上午', 20, 0, 1);
INSERT INTO `doctor_schedule` (`doctor_id`, `schedule_date`, `time_period`, `max_patients`, `booked_patients`, `status`) VALUES (127, '2026-01-31', '下午', 20, 0, 1);
INSERT INTO `doctor_schedule` (`doctor_id`, `schedule_date`, `time_period`, `max_patients`, `booked_patients`, `status`) VALUES (127, '2026-02-01', '上午', 20, 0, 1);
INSERT INTO `doctor_schedule` (`doctor_id`, `schedule_date`, `time_period`, `max_patients`, `booked_patients`, `status`) VALUES (127, '2026-02-01', '下午', 20, 0, 1);
INSERT INTO `doctor_schedule` (`doctor_id`, `schedule_date`, `time_period`, `max_patients`, `booked_patients`, `status`) VALUES (127, '2026-02-02', '上午', 20, 0, 1);
INSERT INTO `doctor_schedule` (`doctor_id`, `schedule_date`, `time_period`, `max_patients`, `booked_patients`, `status`) VALUES (127, '2026-02-02', '下午', 20, 0, 1);
INSERT INTO `doctor_schedule` (`doctor_id`, `schedule_date`, `time_period`, `max_patients`, `booked_patients`, `status`) VALUES (127, '2026-02-03', '上午', 20, 0, 1);
INSERT INTO `doctor_schedule` (`doctor_id`, `schedule_date`, `time_period`, `max_patients`, `booked_patients`, `status`) VALUES (127, '2026-02-03', '下午', 20, 0, 1);
INSERT INTO `doctor_schedule` (`doctor_id`, `schedule_date`, `time_period`, `max_patients`, `booked_patients`, `status`) VALUES (128, '2026-01-28', '上午', 20, 0, 1);
INSERT INTO `doctor_schedule` (`doctor_id`, `schedule_date`, `time_period`, `max_patients`, `booked_patients`, `status`) VALUES (128, '2026-01-28', '下午', 20, 0, 1);
INSERT INTO `doctor_schedule` (`doctor_id`, `schedule_date`, `time_period`, `max_patients`, `booked_patients`, `status`) VALUES (128, '2026-01-29', '上午', 20, 0, 1);
INSERT INTO `doctor_schedule` (`doctor_id`, `schedule_date`, `time_period`, `max_patients`, `booked_patients`, `status`) VALUES (128, '2026-01-29', '下午', 20, 0, 1);
INSERT INTO `doctor_schedule` (`doctor_id`, `schedule_date`, `time_period`, `max_patients`, `booked_patients`, `status`) VALUES (128, '2026-01-30', '上午', 20, 0, 1);
INSERT INTO `doctor_schedule` (`doctor_id`, `schedule_date`, `time_period`, `max_patients`, `booked_patients`, `status`) VALUES (128, '2026-01-30', '下午', 20, 0, 1);
INSERT INTO `doctor_schedule` (`doctor_id`, `schedule_date`, `time_period`, `max_patients`, `booked_patients`, `status`) VALUES (128, '2026-01-31', '上午', 20, 0, 1);
INSERT INTO `doctor_schedule` (`doctor_id`, `schedule_date`, `time_period`, `max_patients`, `booked_patients`, `status`) VALUES (128, '2026-01-31', '下午', 20, 0, 1);
INSERT INTO `doctor_schedule` (`doctor_id`, `schedule_date`, `time_period`, `max_patients`, `booked_patients`, `status`) VALUES (128, '2026-02-01', '上午', 20, 0, 1);
INSERT INTO `doctor_schedule` (`doctor_id`, `schedule_date`, `time_period`, `max_patients`, `booked_patients`, `status`) VALUES (128, '2026-02-01', '下午', 20, 0, 1);
INSERT INTO `doctor_schedule` (`doctor_id`, `schedule_date`, `time_period`, `max_patients`, `booked_patients`, `status`) VALUES (128, '2026-02-02', '上午', 20, 0, 1);
INSERT INTO `doctor_schedule` (`doctor_id`, `schedule_date`, `time_period`, `max_patients`, `booked_patients`, `status`) VALUES (128, '2026-02-02', '下午', 20, 0, 1);
INSERT INTO `doctor_schedule` (`doctor_id`, `schedule_date`, `time_period`, `max_patients`, `booked_patients`, `status`) VALUES (128, '2026-02-03', '上午', 20, 0, 1);
INSERT INTO `doctor_schedule` (`doctor_id`, `schedule_date`, `time_period`, `max_patients`, `booked_patients`, `status`) VALUES (128, '2026-02-03', '下午', 20, 0, 1);
INSERT INTO `doctor_schedule` (`doctor_id`, `schedule_date`, `time_period`, `max_patients`, `booked_patients`, `status`) VALUES (129, '2026-01-28', '上午', 20, 0, 1);
INSERT INTO `doctor_schedule` (`doctor_id`, `schedule_date`, `time_period`, `max_patients`, `booked_patients`, `status`) VALUES (129, '2026-01-28', '下午', 20, 0, 1);
INSERT INTO `doctor_schedule` (`doctor_id`, `schedule_date`, `time_period`, `max_patients`, `booked_patients`, `status`) VALUES (129, '2026-01-29', '上午', 20, 0, 1);
INSERT INTO `doctor_schedule` (`doctor_id`, `schedule_date`, `time_period`, `max_patients`, `booked_patients`, `status`) VALUES (129, '2026-01-29', '下午', 20, 0, 1);
INSERT INTO `doctor_schedule` (`doctor_id`, `schedule_date`, `time_period`, `max_patients`, `booked_patients`, `status`) VALUES (129, '2026-01-30', '上午', 20, 0, 1);
INSERT INTO `doctor_schedule` (`doctor_id`, `schedule_date`, `time_period`, `max_patients`, `booked_patients`, `status`) VALUES (129, '2026-01-30', '下午', 20, 0, 1);
INSERT INTO `doctor_schedule` (`doctor_id`, `schedule_date`, `time_period`, `max_patients`, `booked_patients`, `status`) VALUES (129, '2026-01-31', '上午', 20, 0, 1);
INSERT INTO `doctor_schedule` (`doctor_id`, `schedule_date`, `time_period`, `max_patients`, `booked_patients`, `status`) VALUES (129, '2026-01-31', '下午', 20, 0, 1);
INSERT INTO `doctor_schedule` (`doctor_id`, `schedule_date`, `time_period`, `max_patients`, `booked_patients`, `status`) VALUES (129, '2026-02-01', '上午', 20, 0, 1);
INSERT INTO `doctor_schedule` (`doctor_id`, `schedule_date`, `time_period`, `max_patients`, `booked_patients`, `status`) VALUES (129, '2026-02-01', '下午', 20, 0, 1);
INSERT INTO `doctor_schedule` (`doctor_id`, `schedule_date`, `time_period`, `max_patients`, `booked_patients`, `status`) VALUES (129, '2026-02-02', '上午', 20, 0, 1);
INSERT INTO `doctor_schedule` (`doctor_id`, `schedule_date`, `time_period`, `max_patients`, `booked_patients`, `status`) VALUES (129, '2026-02-02', '下午', 20, 0, 1);
INSERT INTO `doctor_schedule` (`doctor_id`, `schedule_date`, `time_period`, `max_patients`, `booked_patients`, `status`) VALUES (129, '2026-02-03', '上午', 20, 0, 1);
INSERT INTO `doctor_schedule` (`doctor_id`, `schedule_date`, `time_period`, `max_patients`, `booked_patients`, `status`) VALUES (129, '2026-02-03', '下午', 20, 0, 1);

-- ============================================
-- 3. 生成患者及健康档案数据
-- ============================================
INSERT INTO `sys_user` (`id`, `username`, `password`, `nickname`, `phone`, `email`, `role`, `status`, `create_time`) VALUES (300, 'patient_test_1', '$2a$10$K8aIDyfnZYQS.UgdYiw1s.05P5qqvaTfk65hASDDDxvMAxy1vPTT6', '孙军', '13900000501', 'patient_test_1@test.com', 'PATIENT', 1, NOW());
INSERT INTO `patient_info` (`id`, `user_id`, `real_name`, `gender`, `birthday`, `age`, `id_card`, `address`, `emergency_contact`, `emergency_phone`, `blood_type`, `create_time`) VALUES (300, 300, '孙军', 1, '1963-01-01', 61, '110101196301010001', '北京市丰台区XX小区', '家属', '13012345678', 'A', NOW());
INSERT INTO `patient_record` (`user_id`, `allergies`, `medical_history`, `remark`) VALUES (300, '无', '近期体征平稳', '定期回访。');
INSERT INTO `diagnosis_record` (`patient_id`, `diagnosis_type`, `disease_name`, `icd10_code`, `diagnosis_date`, `doctor_id`, `description`) VALUES (300, 'PRELIMINARY', '带状疱疹', 'B02.900', '2025-02-08', 107, '身体一侧出现簇集性水疱，伴神经痛。');
INSERT INTO `health_data` (`patient_id`, `data_type`, `systolic_pressure`, `diastolic_pressure`, `heart_rate`, `measure_time`, `status`) VALUES (300, 'BLOOD_PRESSURE', 128, 76, 72, NOW(), 0);
INSERT INTO `sys_user` (`id`, `username`, `password`, `nickname`, `phone`, `email`, `role`, `status`, `create_time`) VALUES (301, 'patient_test_2', '$2a$10$K8aIDyfnZYQS.UgdYiw1s.05P5qqvaTfk65hASDDDxvMAxy1vPTT6', '孙勇', '13900000502', 'patient_test_2@test.com', 'PATIENT', 1, NOW());
INSERT INTO `patient_info` (`id`, `user_id`, `real_name`, `gender`, `birthday`, `age`, `id_card`, `address`, `emergency_contact`, `emergency_phone`, `blood_type`, `create_time`) VALUES (301, 301, '孙勇', 1, '1996-01-01', 28, '110101199601010002', '北京市丰台区XX小区', '家属', '13012345678', 'O', NOW());
INSERT INTO `patient_record` (`user_id`, `allergies`, `medical_history`, `remark`) VALUES (301, '无', '近期体征平稳', '定期回访。');
INSERT INTO `diagnosis_record` (`patient_id`, `diagnosis_type`, `disease_name`, `icd10_code`, `diagnosis_date`, `doctor_id`, `description`) VALUES (301, 'PRELIMINARY', '肩周炎', 'M75.000', '2025-04-04', 125, '肩关节活动受限，夜间疼痛加重。');
INSERT INTO `diagnosis_record` (`patient_id`, `diagnosis_type`, `disease_name`, `icd10_code`, `diagnosis_date`, `doctor_id`, `description`) VALUES (301, 'CONFIRMED', '过敏性皮炎', 'L23.900', '2025-10-07', 120, '皮肤红斑样皮疹，伴明显瘙痒感。');
INSERT INTO `diagnosis_record` (`patient_id`, `diagnosis_type`, `disease_name`, `icd10_code`, `diagnosis_date`, `doctor_id`, `description`) VALUES (301, 'CONFIRMED', '脂肪肝', 'K76.000', '2025-06-22', 109, '体检发现肝脏回声增强，建议控制体重。');
INSERT INTO `health_data` (`patient_id`, `data_type`, `systolic_pressure`, `diastolic_pressure`, `heart_rate`, `measure_time`, `status`) VALUES (301, 'BLOOD_PRESSURE', 121, 82, 72, NOW(), 0);
INSERT INTO `sys_user` (`id`, `username`, `password`, `nickname`, `phone`, `email`, `role`, `status`, `create_time`) VALUES (302, 'patient_test_3', '$2a$10$K8aIDyfnZYQS.UgdYiw1s.05P5qqvaTfk65hASDDDxvMAxy1vPTT6', '张建国', '13900000503', 'patient_test_3@test.com', 'PATIENT', 1, NOW());
INSERT INTO `patient_info` (`id`, `user_id`, `real_name`, `gender`, `birthday`, `age`, `id_card`, `address`, `emergency_contact`, `emergency_phone`, `blood_type`, `create_time`) VALUES (302, 302, '张建国', 0, '1974-01-01', 50, '110101197401010003', '北京市海淀区XX小区', '家属', '13012345678', 'O', NOW());
INSERT INTO `patient_record` (`user_id`, `allergies`, `medical_history`, `remark`) VALUES (302, '无', '近期体征平稳', '定期回访。');
INSERT INTO `diagnosis_record` (`patient_id`, `diagnosis_type`, `disease_name`, `icd10_code`, `diagnosis_date`, `doctor_id`, `description`) VALUES (302, 'PRELIMINARY', '慢性胃炎', 'K29.500', '2025-08-24', 101, '反酸、胃胀，建议进食易消化食物，忌辛辣。');
INSERT INTO `diagnosis_record` (`patient_id`, `diagnosis_type`, `disease_name`, `icd10_code`, `diagnosis_date`, `doctor_id`, `description`) VALUES (302, 'CONFIRMED', '冠状动脉粥样硬化性心脏病', 'I25.100', '2025-05-28', 102, '心前区阵发性疼痛，建议低盐低脂饮食。');
INSERT INTO `health_data` (`patient_id`, `data_type`, `systolic_pressure`, `diastolic_pressure`, `heart_rate`, `measure_time`, `status`) VALUES (302, 'BLOOD_PRESSURE', 138, 79, 72, NOW(), 0);
INSERT INTO `sys_user` (`id`, `username`, `password`, `nickname`, `phone`, `email`, `role`, `status`, `create_time`) VALUES (303, 'patient_test_4', '$2a$10$K8aIDyfnZYQS.UgdYiw1s.05P5qqvaTfk65hASDDDxvMAxy1vPTT6', '黄强', '13900000504', 'patient_test_4@test.com', 'PATIENT', 1, NOW());
INSERT INTO `patient_info` (`id`, `user_id`, `real_name`, `gender`, `birthday`, `age`, `id_card`, `address`, `emergency_contact`, `emergency_phone`, `blood_type`, `create_time`) VALUES (303, 303, '黄强', 1, '1965-01-01', 59, '110101196501010004', '北京市丰台区XX小区', '家属', '13012345678', 'O', NOW());
INSERT INTO `patient_record` (`user_id`, `allergies`, `medical_history`, `remark`) VALUES (303, '无', '近期体征平稳', '定期回访。');
INSERT INTO `diagnosis_record` (`patient_id`, `diagnosis_type`, `disease_name`, `icd10_code`, `diagnosis_date`, `doctor_id`, `description`) VALUES (303, 'PRELIMINARY', '上呼吸道感染', 'J06.900', '2025-03-11', 111, '咳嗽、流涕3天，肺部听诊无异常。');
INSERT INTO `diagnosis_record` (`patient_id`, `diagnosis_type`, `disease_name`, `icd10_code`, `diagnosis_date`, `doctor_id`, `description`) VALUES (303, 'CONFIRMED', '龋病', 'K02.900', '2025-05-08', 111, '牙齿冷热敏感，发现龋洞，建议补牙治疗。');
INSERT INTO `health_data` (`patient_id`, `data_type`, `systolic_pressure`, `diastolic_pressure`, `heart_rate`, `measure_time`, `status`) VALUES (303, 'BLOOD_PRESSURE', 132, 83, 72, NOW(), 0);
INSERT INTO `sys_user` (`id`, `username`, `password`, `nickname`, `phone`, `email`, `role`, `status`, `create_time`) VALUES (304, 'patient_test_5', '$2a$10$K8aIDyfnZYQS.UgdYiw1s.05P5qqvaTfk65hASDDDxvMAxy1vPTT6', '上官雪', '13900000505', 'patient_test_5@test.com', 'PATIENT', 1, NOW());
INSERT INTO `patient_info` (`id`, `user_id`, `real_name`, `gender`, `birthday`, `age`, `id_card`, `address`, `emergency_contact`, `emergency_phone`, `blood_type`, `create_time`) VALUES (304, 304, '上官雪', 0, '1998-01-01', 26, '110101199801010005', '北京市海淀区XX小区', '家属', '13012345678', 'B', NOW());
INSERT INTO `patient_record` (`user_id`, `allergies`, `medical_history`, `remark`) VALUES (304, '无', '近期体征平稳', '定期回访。');
INSERT INTO `diagnosis_record` (`patient_id`, `diagnosis_type`, `disease_name`, `icd10_code`, `diagnosis_date`, `doctor_id`, `description`) VALUES (304, 'PRELIMINARY', '带状疱疹', 'B02.900', '2025-03-03', 118, '身体一侧出现簇集性水疱，伴神经痛。');
INSERT INTO `diagnosis_record` (`patient_id`, `diagnosis_type`, `disease_name`, `icd10_code`, `diagnosis_date`, `doctor_id`, `description`) VALUES (304, 'CONFIRMED', '腰椎间盘突出', 'M51.201', '2025-10-09', 112, '久坐后腰部疼痛，伴随下肢放射痛。');
INSERT INTO `health_data` (`patient_id`, `data_type`, `systolic_pressure`, `diastolic_pressure`, `heart_rate`, `measure_time`, `status`) VALUES (304, 'BLOOD_PRESSURE', 135, 79, 72, NOW(), 0);
INSERT INTO `sys_user` (`id`, `username`, `password`, `nickname`, `phone`, `email`, `role`, `status`, `create_time`) VALUES (305, 'patient_test_6', '$2a$10$K8aIDyfnZYQS.UgdYiw1s.05P5qqvaTfk65hASDDDxvMAxy1vPTT6', '杨华', '13900000506', 'patient_test_6@test.com', 'PATIENT', 1, NOW());
INSERT INTO `patient_info` (`id`, `user_id`, `real_name`, `gender`, `birthday`, `age`, `id_card`, `address`, `emergency_contact`, `emergency_phone`, `blood_type`, `create_time`) VALUES (305, 305, '杨华', 0, '1977-01-01', 47, '110101197701010006', '北京市海淀区XX小区', '家属', '13012345678', 'B', NOW());
INSERT INTO `patient_record` (`user_id`, `allergies`, `medical_history`, `remark`) VALUES (305, '无', '近期体征平稳', '定期回访。');
INSERT INTO `diagnosis_record` (`patient_id`, `diagnosis_type`, `disease_name`, `icd10_code`, `diagnosis_date`, `doctor_id`, `description`) VALUES (305, 'CONFIRMED', '颈椎病', 'M47.8xx', '2025-08-23', 115, '颈部僵硬，伴双下肢麻木。');
INSERT INTO `health_data` (`patient_id`, `data_type`, `systolic_pressure`, `diastolic_pressure`, `heart_rate`, `measure_time`, `status`) VALUES (305, 'BLOOD_PRESSURE', 127, 77, 72, NOW(), 0);
INSERT INTO `sys_user` (`id`, `username`, `password`, `nickname`, `phone`, `email`, `role`, `status`, `create_time`) VALUES (306, 'patient_test_7', '$2a$10$K8aIDyfnZYQS.UgdYiw1s.05P5qqvaTfk65hASDDDxvMAxy1vPTT6', '杨小玲', '13900000507', 'patient_test_7@test.com', 'PATIENT', 1, NOW());
INSERT INTO `patient_info` (`id`, `user_id`, `real_name`, `gender`, `birthday`, `age`, `id_card`, `address`, `emergency_contact`, `emergency_phone`, `blood_type`, `create_time`) VALUES (306, 306, '杨小玲', 0, '1976-01-01', 48, '110101197601010007', '北京市朝阳区XX小区', '家属', '13012345678', 'O', NOW());
INSERT INTO `patient_record` (`user_id`, `allergies`, `medical_history`, `remark`) VALUES (306, '无', '近期体征平稳', '定期回访。');
INSERT INTO `diagnosis_record` (`patient_id`, `diagnosis_type`, `disease_name`, `icd10_code`, `diagnosis_date`, `doctor_id`, `description`) VALUES (306, 'CONFIRMED', '慢性鼻窦炎', 'J32.900', '2025-11-26', 127, '流脓涕，头痛，伴嗅觉减退。');
INSERT INTO `health_data` (`patient_id`, `data_type`, `systolic_pressure`, `diastolic_pressure`, `heart_rate`, `measure_time`, `status`) VALUES (306, 'BLOOD_PRESSURE', 128, 76, 72, NOW(), 0);
INSERT INTO `sys_user` (`id`, `username`, `password`, `nickname`, `phone`, `email`, `role`, `status`, `create_time`) VALUES (307, 'patient_test_8', '$2a$10$K8aIDyfnZYQS.UgdYiw1s.05P5qqvaTfk65hASDDDxvMAxy1vPTT6', '孙梦娇', '13900000508', 'patient_test_8@test.com', 'PATIENT', 1, NOW());
INSERT INTO `patient_info` (`id`, `user_id`, `real_name`, `gender`, `birthday`, `age`, `id_card`, `address`, `emergency_contact`, `emergency_phone`, `blood_type`, `create_time`) VALUES (307, 307, '孙梦娇', 0, '1981-01-01', 43, '110101198101010008', '北京市丰台区XX小区', '家属', '13012345678', 'O', NOW());
INSERT INTO `patient_record` (`user_id`, `allergies`, `medical_history`, `remark`) VALUES (307, '无', '近期体征平稳', '定期回访。');
INSERT INTO `diagnosis_record` (`patient_id`, `diagnosis_type`, `disease_name`, `icd10_code`, `diagnosis_date`, `doctor_id`, `description`) VALUES (307, 'CONFIRMED', '2型糖尿病', 'E11.900', '2025-07-06', 112, '空腹血糖偏高，建议饮食控制并配合药物治疗。');
INSERT INTO `diagnosis_record` (`patient_id`, `diagnosis_type`, `disease_name`, `icd10_code`, `diagnosis_date`, `doctor_id`, `description`) VALUES (307, 'CONFIRMED', '急性阑尾炎', 'K35.900', '2025-08-28', 107, '右下腹转移性痛，伴发热，建议手术。');
INSERT INTO `diagnosis_record` (`patient_id`, `diagnosis_type`, `disease_name`, `icd10_code`, `diagnosis_date`, `doctor_id`, `description`) VALUES (307, 'CONFIRMED', '冠状动脉粥样硬化性心脏病', 'I25.100', '2025-02-03', 114, '心前区阵发性疼痛，建议低盐低脂饮食。');
INSERT INTO `health_data` (`patient_id`, `data_type`, `systolic_pressure`, `diastolic_pressure`, `heart_rate`, `measure_time`, `status`) VALUES (307, 'BLOOD_PRESSURE', 117, 87, 72, NOW(), 0);
INSERT INTO `sys_user` (`id`, `username`, `password`, `nickname`, `phone`, `email`, `role`, `status`, `create_time`) VALUES (308, 'patient_test_9', '$2a$10$K8aIDyfnZYQS.UgdYiw1s.05P5qqvaTfk65hASDDDxvMAxy1vPTT6', '韩家豪', '13900000509', 'patient_test_9@test.com', 'PATIENT', 1, NOW());
INSERT INTO `patient_info` (`id`, `user_id`, `real_name`, `gender`, `birthday`, `age`, `id_card`, `address`, `emergency_contact`, `emergency_phone`, `blood_type`, `create_time`) VALUES (308, 308, '韩家豪', 1, '1988-01-01', 36, '110101198801010009', '北京市海淀区XX小区', '家属', '13012345678', 'A', NOW());
INSERT INTO `patient_record` (`user_id`, `allergies`, `medical_history`, `remark`) VALUES (308, '无', '近期体征平稳', '定期回访。');
INSERT INTO `diagnosis_record` (`patient_id`, `diagnosis_type`, `disease_name`, `icd10_code`, `diagnosis_date`, `doctor_id`, `description`) VALUES (308, 'PRELIMINARY', '急性阑尾炎', 'K35.900', '2025-09-16', 121, '右下腹转移性痛，伴发热，建议手术。');
INSERT INTO `health_data` (`patient_id`, `data_type`, `systolic_pressure`, `diastolic_pressure`, `heart_rate`, `measure_time`, `status`) VALUES (308, 'BLOOD_PRESSURE', 132, 88, 72, NOW(), 0);
INSERT INTO `sys_user` (`id`, `username`, `password`, `nickname`, `phone`, `email`, `role`, `status`, `create_time`) VALUES (309, 'patient_test_10', '$2a$10$K8aIDyfnZYQS.UgdYiw1s.05P5qqvaTfk65hASDDDxvMAxy1vPTT6', '刘雅琴', '13900000510', 'patient_test_10@test.com', 'PATIENT', 1, NOW());
INSERT INTO `patient_info` (`id`, `user_id`, `real_name`, `gender`, `birthday`, `age`, `id_card`, `address`, `emergency_contact`, `emergency_phone`, `blood_type`, `create_time`) VALUES (309, 309, '刘雅琴', 0, '1978-01-01', 46, '110101197801010010', '北京市朝阳区XX小区', '家属', '13012345678', 'AB', NOW());
INSERT INTO `patient_record` (`user_id`, `allergies`, `medical_history`, `remark`) VALUES (309, '无', '近期体征平稳', '定期回访。');
INSERT INTO `diagnosis_record` (`patient_id`, `diagnosis_type`, `disease_name`, `icd10_code`, `diagnosis_date`, `doctor_id`, `description`) VALUES (309, 'PRELIMINARY', '高血压(1级，中危)', 'I10.x00', '2025-07-22', 105, '血压波动，伴有轻微头晕，建议控制盐摄入。');
INSERT INTO `health_data` (`patient_id`, `data_type`, `systolic_pressure`, `diastolic_pressure`, `heart_rate`, `measure_time`, `status`) VALUES (309, 'BLOOD_PRESSURE', 115, 89, 72, NOW(), 0);
INSERT INTO `sys_user` (`id`, `username`, `password`, `nickname`, `phone`, `email`, `role`, `status`, `create_time`) VALUES (310, 'patient_test_11', '$2a$10$K8aIDyfnZYQS.UgdYiw1s.05P5qqvaTfk65hASDDDxvMAxy1vPTT6', '刘家豪', '13900000511', 'patient_test_11@test.com', 'PATIENT', 1, NOW());
INSERT INTO `patient_info` (`id`, `user_id`, `real_name`, `gender`, `birthday`, `age`, `id_card`, `address`, `emergency_contact`, `emergency_phone`, `blood_type`, `create_time`) VALUES (310, 310, '刘家豪', 0, '1987-01-01', 37, '110101198701010011', '北京市海淀区XX小区', '家属', '13012345678', 'A', NOW());
INSERT INTO `patient_record` (`user_id`, `allergies`, `medical_history`, `remark`) VALUES (310, '无', '近期体征平稳', '定期回访。');
INSERT INTO `diagnosis_record` (`patient_id`, `diagnosis_type`, `disease_name`, `icd10_code`, `diagnosis_date`, `doctor_id`, `description`) VALUES (310, 'CONFIRMED', '小儿腹泻', 'A09.900', '2025-10-29', 117, '大便次数增多，水样便，注意预防脱水。');
INSERT INTO `diagnosis_record` (`patient_id`, `diagnosis_type`, `disease_name`, `icd10_code`, `diagnosis_date`, `doctor_id`, `description`) VALUES (310, 'PRELIMINARY', '痛风性关节炎', 'M10.900', '2025-02-18', 121, '第一跖趾关节红肿痛，建议低嘌呤饮食。');
INSERT INTO `health_data` (`patient_id`, `data_type`, `systolic_pressure`, `diastolic_pressure`, `heart_rate`, `measure_time`, `status`) VALUES (310, 'BLOOD_PRESSURE', 119, 75, 72, NOW(), 0);
INSERT INTO `sys_user` (`id`, `username`, `password`, `nickname`, `phone`, `email`, `role`, `status`, `create_time`) VALUES (311, 'patient_test_12', '$2a$10$K8aIDyfnZYQS.UgdYiw1s.05P5qqvaTfk65hASDDDxvMAxy1vPTT6', '高美英', '13900000512', 'patient_test_12@test.com', 'PATIENT', 1, NOW());
INSERT INTO `patient_info` (`id`, `user_id`, `real_name`, `gender`, `birthday`, `age`, `id_card`, `address`, `emergency_contact`, `emergency_phone`, `blood_type`, `create_time`) VALUES (311, 311, '高美英', 0, '1993-01-01', 31, '110101199301010012', '北京市海淀区XX小区', '家属', '13012345678', 'A', NOW());
INSERT INTO `patient_record` (`user_id`, `allergies`, `medical_history`, `remark`) VALUES (311, '无', '近期体征平稳', '定期回访。');
INSERT INTO `diagnosis_record` (`patient_id`, `diagnosis_type`, `disease_name`, `icd10_code`, `diagnosis_date`, `doctor_id`, `description`) VALUES (311, 'PRELIMINARY', '急性阑尾炎', 'K35.900', '2025-06-10', 106, '右下腹转移性痛，伴发热，建议手术。');
INSERT INTO `diagnosis_record` (`patient_id`, `diagnosis_type`, `disease_name`, `icd10_code`, `diagnosis_date`, `doctor_id`, `description`) VALUES (311, 'CONFIRMED', '手足口病', 'B08.400', '2025-06-06', 118, '手掌、足底及口腔出现疱疹，伴发热。');
INSERT INTO `diagnosis_record` (`patient_id`, `diagnosis_type`, `disease_name`, `icd10_code`, `diagnosis_date`, `doctor_id`, `description`) VALUES (311, 'CONFIRMED', '手足口病', 'B08.400', '2025-05-10', 122, '手掌、足底及口腔出现疱疹，伴发热。');
INSERT INTO `health_data` (`patient_id`, `data_type`, `systolic_pressure`, `diastolic_pressure`, `heart_rate`, `measure_time`, `status`) VALUES (311, 'BLOOD_PRESSURE', 140, 82, 72, NOW(), 0);
INSERT INTO `sys_user` (`id`, `username`, `password`, `nickname`, `phone`, `email`, `role`, `status`, `create_time`) VALUES (312, 'patient_test_13', '$2a$10$K8aIDyfnZYQS.UgdYiw1s.05P5qqvaTfk65hASDDDxvMAxy1vPTT6', '欧阳德华', '13900000513', 'patient_test_13@test.com', 'PATIENT', 1, NOW());
INSERT INTO `patient_info` (`id`, `user_id`, `real_name`, `gender`, `birthday`, `age`, `id_card`, `address`, `emergency_contact`, `emergency_phone`, `blood_type`, `create_time`) VALUES (312, 312, '欧阳德华', 0, '2006-01-01', 18, '110101200601010013', '北京市海淀区XX小区', '家属', '13012345678', 'B', NOW());
INSERT INTO `patient_record` (`user_id`, `allergies`, `medical_history`, `remark`) VALUES (312, '无', '近期体征平稳', '定期回访。');
INSERT INTO `diagnosis_record` (`patient_id`, `diagnosis_type`, `disease_name`, `icd10_code`, `diagnosis_date`, `doctor_id`, `description`) VALUES (312, 'PRELIMINARY', '急性扁桃体炎', 'J03.900', '2025-11-19', 117, '咽痛明显，吞咽困难，伴发热。');
INSERT INTO `diagnosis_record` (`patient_id`, `diagnosis_type`, `disease_name`, `icd10_code`, `diagnosis_date`, `doctor_id`, `description`) VALUES (312, 'CONFIRMED', '肩周炎', 'M75.000', '2025-12-15', 111, '肩关节活动受限，夜间疼痛加重。');
INSERT INTO `diagnosis_record` (`patient_id`, `diagnosis_type`, `disease_name`, `icd10_code`, `diagnosis_date`, `doctor_id`, `description`) VALUES (312, 'PRELIMINARY', '颈椎病', 'M47.8xx', '2025-03-12', 114, '颈部僵硬，伴双下肢麻木。');
INSERT INTO `health_data` (`patient_id`, `data_type`, `systolic_pressure`, `diastolic_pressure`, `heart_rate`, `measure_time`, `status`) VALUES (312, 'BLOOD_PRESSURE', 124, 84, 72, NOW(), 0);
INSERT INTO `sys_user` (`id`, `username`, `password`, `nickname`, `phone`, `email`, `role`, `status`, `create_time`) VALUES (313, 'patient_test_14', '$2a$10$K8aIDyfnZYQS.UgdYiw1s.05P5qqvaTfk65hASDDDxvMAxy1vPTT6', '上官军', '13900000514', 'patient_test_14@test.com', 'PATIENT', 1, NOW());
INSERT INTO `patient_info` (`id`, `user_id`, `real_name`, `gender`, `birthday`, `age`, `id_card`, `address`, `emergency_contact`, `emergency_phone`, `blood_type`, `create_time`) VALUES (313, 313, '上官军', 0, '1959-01-01', 65, '110101195901010014', '北京市丰台区XX小区', '家属', '13012345678', 'A', NOW());
INSERT INTO `patient_record` (`user_id`, `allergies`, `medical_history`, `remark`) VALUES (313, '无', '近期体征平稳', '定期回访。');
INSERT INTO `diagnosis_record` (`patient_id`, `diagnosis_type`, `disease_name`, `icd10_code`, `diagnosis_date`, `doctor_id`, `description`) VALUES (313, 'PRELIMINARY', '过敏性皮炎', 'L23.900', '2025-10-14', 123, '皮肤红斑样皮疹，伴明显瘙痒感。');
INSERT INTO `health_data` (`patient_id`, `data_type`, `systolic_pressure`, `diastolic_pressure`, `heart_rate`, `measure_time`, `status`) VALUES (313, 'BLOOD_PRESSURE', 127, 75, 72, NOW(), 0);
INSERT INTO `sys_user` (`id`, `username`, `password`, `nickname`, `phone`, `email`, `role`, `status`, `create_time`) VALUES (314, 'patient_test_15', '$2a$10$K8aIDyfnZYQS.UgdYiw1s.05P5qqvaTfk65hASDDDxvMAxy1vPTT6', '孙华', '13900000515', 'patient_test_15@test.com', 'PATIENT', 1, NOW());
INSERT INTO `patient_info` (`id`, `user_id`, `real_name`, `gender`, `birthday`, `age`, `id_card`, `address`, `emergency_contact`, `emergency_phone`, `blood_type`, `create_time`) VALUES (314, 314, '孙华', 1, '1968-01-01', 56, '110101196801010015', '北京市丰台区XX小区', '家属', '13012345678', 'AB', NOW());
INSERT INTO `patient_record` (`user_id`, `allergies`, `medical_history`, `remark`) VALUES (314, '无', '近期体征平稳', '定期回访。');
INSERT INTO `diagnosis_record` (`patient_id`, `diagnosis_type`, `disease_name`, `icd10_code`, `diagnosis_date`, `doctor_id`, `description`) VALUES (314, 'CONFIRMED', '胃溃疡', 'K25.900', '2025-05-27', 125, '餐后腹痛明显，伴嗳气，建议胃镜复查。');
INSERT INTO `diagnosis_record` (`patient_id`, `diagnosis_type`, `disease_name`, `icd10_code`, `diagnosis_date`, `doctor_id`, `description`) VALUES (314, 'PRELIMINARY', '颈椎病', 'M47.8xx', '2025-08-23', 120, '颈部僵硬，伴双下肢麻木。');
INSERT INTO `diagnosis_record` (`patient_id`, `diagnosis_type`, `disease_name`, `icd10_code`, `diagnosis_date`, `doctor_id`, `description`) VALUES (314, 'PRELIMINARY', '慢性鼻窦炎', 'J32.900', '2025-05-24', 100, '流脓涕，头痛，伴嗅觉减退。');
INSERT INTO `health_data` (`patient_id`, `data_type`, `systolic_pressure`, `diastolic_pressure`, `heart_rate`, `measure_time`, `status`) VALUES (314, 'BLOOD_PRESSURE', 136, 78, 72, NOW(), 0);
INSERT INTO `sys_user` (`id`, `username`, `password`, `nickname`, `phone`, `email`, `role`, `status`, `create_time`) VALUES (315, 'patient_test_16', '$2a$10$K8aIDyfnZYQS.UgdYiw1s.05P5qqvaTfk65hASDDDxvMAxy1vPTT6', '徐雨柔', '13900000516', 'patient_test_16@test.com', 'PATIENT', 1, NOW());
INSERT INTO `patient_info` (`id`, `user_id`, `real_name`, `gender`, `birthday`, `age`, `id_card`, `address`, `emergency_contact`, `emergency_phone`, `blood_type`, `create_time`) VALUES (315, 315, '徐雨柔', 1, '1981-01-01', 43, '110101198101010016', '北京市丰台区XX小区', '家属', '13012345678', 'B', NOW());
INSERT INTO `patient_record` (`user_id`, `allergies`, `medical_history`, `remark`) VALUES (315, '无', '近期体征平稳', '定期回访。');
INSERT INTO `diagnosis_record` (`patient_id`, `diagnosis_type`, `disease_name`, `icd10_code`, `diagnosis_date`, `doctor_id`, `description`) VALUES (315, 'CONFIRMED', '龋病', 'K02.900', '2025-12-11', 111, '牙齿冷热敏感，发现龋洞，建议补牙治疗。');
INSERT INTO `diagnosis_record` (`patient_id`, `diagnosis_type`, `disease_name`, `icd10_code`, `diagnosis_date`, `doctor_id`, `description`) VALUES (315, 'PRELIMINARY', '慢性鼻窦炎', 'J32.900', '2025-04-15', 122, '流脓涕，头痛，伴嗅觉减退。');
INSERT INTO `sys_user` (`id`, `username`, `password`, `nickname`, `phone`, `email`, `role`, `status`, `create_time`) VALUES (316, 'patient_test_17', '$2a$10$K8aIDyfnZYQS.UgdYiw1s.05P5qqvaTfk65hASDDDxvMAxy1vPTT6', '张艳', '13900000517', 'patient_test_17@test.com', 'PATIENT', 1, NOW());
INSERT INTO `patient_info` (`id`, `user_id`, `real_name`, `gender`, `birthday`, `age`, `id_card`, `address`, `emergency_contact`, `emergency_phone`, `blood_type`, `create_time`) VALUES (316, 316, '张艳', 0, '1967-01-01', 57, '110101196701010017', '北京市丰台区XX小区', '家属', '13012345678', 'AB', NOW());
INSERT INTO `patient_record` (`user_id`, `allergies`, `medical_history`, `remark`) VALUES (316, '无', '近期体征平稳', '定期回访。');
INSERT INTO `diagnosis_record` (`patient_id`, `diagnosis_type`, `disease_name`, `icd10_code`, `diagnosis_date`, `doctor_id`, `description`) VALUES (316, 'PRELIMINARY', '支气管哮喘', 'J45.900', '2025-07-09', 113, '反复发作性喘息，伴胸闷。');
INSERT INTO `sys_user` (`id`, `username`, `password`, `nickname`, `phone`, `email`, `role`, `status`, `create_time`) VALUES (317, 'patient_test_18', '$2a$10$K8aIDyfnZYQS.UgdYiw1s.05P5qqvaTfk65hASDDDxvMAxy1vPTT6', '何雨柔', '13900000518', 'patient_test_18@test.com', 'PATIENT', 1, NOW());
INSERT INTO `patient_info` (`id`, `user_id`, `real_name`, `gender`, `birthday`, `age`, `id_card`, `address`, `emergency_contact`, `emergency_phone`, `blood_type`, `create_time`) VALUES (317, 317, '何雨柔', 1, '1959-01-01', 65, '110101195901010018', '北京市朝阳区XX小区', '家属', '13012345678', 'O', NOW());
INSERT INTO `patient_record` (`user_id`, `allergies`, `medical_history`, `remark`) VALUES (317, '无', '近期体征平稳', '定期回访。');
INSERT INTO `diagnosis_record` (`patient_id`, `diagnosis_type`, `disease_name`, `icd10_code`, `diagnosis_date`, `doctor_id`, `description`) VALUES (317, 'PRELIMINARY', '高血压(1级，中危)', 'I10.x00', '2025-05-28', 107, '血压波动，伴有轻微头晕，建议控制盐摄入。');
INSERT INTO `sys_user` (`id`, `username`, `password`, `nickname`, `phone`, `email`, `role`, `status`, `create_time`) VALUES (318, 'patient_test_19', '$2a$10$K8aIDyfnZYQS.UgdYiw1s.05P5qqvaTfk65hASDDDxvMAxy1vPTT6', '张雪', '13900000519', 'patient_test_19@test.com', 'PATIENT', 1, NOW());
INSERT INTO `patient_info` (`id`, `user_id`, `real_name`, `gender`, `birthday`, `age`, `id_card`, `address`, `emergency_contact`, `emergency_phone`, `blood_type`, `create_time`) VALUES (318, 318, '张雪', 0, '1965-01-01', 59, '110101196501010019', '北京市丰台区XX小区', '家属', '13012345678', 'A', NOW());
INSERT INTO `patient_record` (`user_id`, `allergies`, `medical_history`, `remark`) VALUES (318, '无', '近期体征平稳', '定期回访。');
INSERT INTO `diagnosis_record` (`patient_id`, `diagnosis_type`, `disease_name`, `icd10_code`, `diagnosis_date`, `doctor_id`, `description`) VALUES (318, 'CONFIRMED', '支气管哮喘', 'J45.900', '2025-09-12', 105, '反复发作性喘息，伴胸闷。');
INSERT INTO `sys_user` (`id`, `username`, `password`, `nickname`, `phone`, `email`, `role`, `status`, `create_time`) VALUES (319, 'patient_test_20', '$2a$10$K8aIDyfnZYQS.UgdYiw1s.05P5qqvaTfk65hASDDDxvMAxy1vPTT6', '黄建国', '13900000520', 'patient_test_20@test.com', 'PATIENT', 1, NOW());
INSERT INTO `patient_info` (`id`, `user_id`, `real_name`, `gender`, `birthday`, `age`, `id_card`, `address`, `emergency_contact`, `emergency_phone`, `blood_type`, `create_time`) VALUES (319, 319, '黄建国', 0, '1973-01-01', 51, '110101197301010020', '北京市丰台区XX小区', '家属', '13012345678', 'AB', NOW());
INSERT INTO `patient_record` (`user_id`, `allergies`, `medical_history`, `remark`) VALUES (319, '无', '近期体征平稳', '定期回访。');
INSERT INTO `diagnosis_record` (`patient_id`, `diagnosis_type`, `disease_name`, `icd10_code`, `diagnosis_date`, `doctor_id`, `description`) VALUES (319, 'PRELIMINARY', '慢性胃炎', 'K29.500', '2025-09-24', 100, '反酸、胃胀，建议进食易消化食物，忌辛辣。');
INSERT INTO `sys_user` (`id`, `username`, `password`, `nickname`, `phone`, `email`, `role`, `status`, `create_time`) VALUES (320, 'patient_test_21', '$2a$10$K8aIDyfnZYQS.UgdYiw1s.05P5qqvaTfk65hASDDDxvMAxy1vPTT6', '黄明', '13900000521', 'patient_test_21@test.com', 'PATIENT', 1, NOW());
INSERT INTO `patient_info` (`id`, `user_id`, `real_name`, `gender`, `birthday`, `age`, `id_card`, `address`, `emergency_contact`, `emergency_phone`, `blood_type`, `create_time`) VALUES (320, 320, '黄明', 1, '1973-01-01', 51, '110101197301010021', '北京市丰台区XX小区', '家属', '13012345678', 'O', NOW());
INSERT INTO `patient_record` (`user_id`, `allergies`, `medical_history`, `remark`) VALUES (320, '无', '近期体征平稳', '定期回访。');
INSERT INTO `diagnosis_record` (`patient_id`, `diagnosis_type`, `disease_name`, `icd10_code`, `diagnosis_date`, `doctor_id`, `description`) VALUES (320, 'PRELIMINARY', '颈椎病', 'M47.8xx', '2025-09-06', 114, '颈部僵硬，伴双下肢麻木。');
INSERT INTO `diagnosis_record` (`patient_id`, `diagnosis_type`, `disease_name`, `icd10_code`, `diagnosis_date`, `doctor_id`, `description`) VALUES (320, 'PRELIMINARY', '胆囊炎', 'K81.900', '2025-01-30', 106, '右上腹阵发性疼痛，伴恶心，忌油腻食物。');
INSERT INTO `sys_user` (`id`, `username`, `password`, `nickname`, `phone`, `email`, `role`, `status`, `create_time`) VALUES (321, 'patient_test_22', '$2a$10$K8aIDyfnZYQS.UgdYiw1s.05P5qqvaTfk65hASDDDxvMAxy1vPTT6', '张芳', '13900000522', 'patient_test_22@test.com', 'PATIENT', 1, NOW());
INSERT INTO `patient_info` (`id`, `user_id`, `real_name`, `gender`, `birthday`, `age`, `id_card`, `address`, `emergency_contact`, `emergency_phone`, `blood_type`, `create_time`) VALUES (321, 321, '张芳', 1, '1967-01-01', 57, '110101196701010022', '北京市海淀区XX小区', '家属', '13012345678', 'O', NOW());
INSERT INTO `patient_record` (`user_id`, `allergies`, `medical_history`, `remark`) VALUES (321, '无', '近期体征平稳', '定期回访。');
INSERT INTO `diagnosis_record` (`patient_id`, `diagnosis_type`, `disease_name`, `icd10_code`, `diagnosis_date`, `doctor_id`, `description`) VALUES (321, 'PRELIMINARY', '龋病', 'K02.900', '2025-09-11', 108, '牙齿冷热敏感，发现龋洞，建议补牙治疗。');
INSERT INTO `diagnosis_record` (`patient_id`, `diagnosis_type`, `disease_name`, `icd10_code`, `diagnosis_date`, `doctor_id`, `description`) VALUES (321, 'CONFIRMED', '牙周炎', 'K05.300', '2025-08-05', 115, '牙龈出血，牙齿松动。');
INSERT INTO `diagnosis_record` (`patient_id`, `diagnosis_type`, `disease_name`, `icd10_code`, `diagnosis_date`, `doctor_id`, `description`) VALUES (321, 'CONFIRMED', '高血压(1级，中危)', 'I10.x00', '2025-07-15', 115, '血压波动，伴有轻微头晕，建议控制盐摄入。');
INSERT INTO `sys_user` (`id`, `username`, `password`, `nickname`, `phone`, `email`, `role`, `status`, `create_time`) VALUES (322, 'patient_test_23', '$2a$10$K8aIDyfnZYQS.UgdYiw1s.05P5qqvaTfk65hASDDDxvMAxy1vPTT6', '孙平', '13900000523', 'patient_test_23@test.com', 'PATIENT', 1, NOW());
INSERT INTO `patient_info` (`id`, `user_id`, `real_name`, `gender`, `birthday`, `age`, `id_card`, `address`, `emergency_contact`, `emergency_phone`, `blood_type`, `create_time`) VALUES (322, 322, '孙平', 1, '1993-01-01', 31, '110101199301010023', '北京市丰台区XX小区', '家属', '13012345678', 'B', NOW());
INSERT INTO `patient_record` (`user_id`, `allergies`, `medical_history`, `remark`) VALUES (322, '无', '近期体征平稳', '定期回访。');
INSERT INTO `diagnosis_record` (`patient_id`, `diagnosis_type`, `disease_name`, `icd10_code`, `diagnosis_date`, `doctor_id`, `description`) VALUES (322, 'PRELIMINARY', '痛风性关节炎', 'M10.900', '2025-02-16', 106, '第一跖趾关节红肿痛，建议低嘌呤饮食。');
INSERT INTO `diagnosis_record` (`patient_id`, `diagnosis_type`, `disease_name`, `icd10_code`, `diagnosis_date`, `doctor_id`, `description`) VALUES (322, 'PRELIMINARY', '小儿腹泻', 'A09.900', '2025-12-15', 116, '大便次数增多，水样便，注意预防脱水。');
INSERT INTO `sys_user` (`id`, `username`, `password`, `nickname`, `phone`, `email`, `role`, `status`, `create_time`) VALUES (323, 'patient_test_24', '$2a$10$K8aIDyfnZYQS.UgdYiw1s.05P5qqvaTfk65hASDDDxvMAxy1vPTT6', '沈家豪', '13900000524', 'patient_test_24@test.com', 'PATIENT', 1, NOW());
INSERT INTO `patient_info` (`id`, `user_id`, `real_name`, `gender`, `birthday`, `age`, `id_card`, `address`, `emergency_contact`, `emergency_phone`, `blood_type`, `create_time`) VALUES (323, 323, '沈家豪', 0, '1958-01-01', 66, '110101195801010024', '北京市海淀区XX小区', '家属', '13012345678', 'A', NOW());
INSERT INTO `patient_record` (`user_id`, `allergies`, `medical_history`, `remark`) VALUES (323, '无', '近期体征平稳', '定期回访。');
INSERT INTO `diagnosis_record` (`patient_id`, `diagnosis_type`, `disease_name`, `icd10_code`, `diagnosis_date`, `doctor_id`, `description`) VALUES (323, 'CONFIRMED', '上呼吸道感染', 'J06.900', '2025-04-19', 123, '咳嗽、流涕3天，肺部听诊无异常。');
INSERT INTO `sys_user` (`id`, `username`, `password`, `nickname`, `phone`, `email`, `role`, `status`, `create_time`) VALUES (324, 'patient_test_25', '$2a$10$K8aIDyfnZYQS.UgdYiw1s.05P5qqvaTfk65hASDDDxvMAxy1vPTT6', '何浩然', '13900000525', 'patient_test_25@test.com', 'PATIENT', 1, NOW());
INSERT INTO `patient_info` (`id`, `user_id`, `real_name`, `gender`, `birthday`, `age`, `id_card`, `address`, `emergency_contact`, `emergency_phone`, `blood_type`, `create_time`) VALUES (324, 324, '何浩然', 0, '1996-01-01', 28, '110101199601010025', '北京市朝阳区XX小区', '家属', '13012345678', 'B', NOW());
INSERT INTO `patient_record` (`user_id`, `allergies`, `medical_history`, `remark`) VALUES (324, '无', '近期体征平稳', '定期回访。');
INSERT INTO `diagnosis_record` (`patient_id`, `diagnosis_type`, `disease_name`, `icd10_code`, `diagnosis_date`, `doctor_id`, `description`) VALUES (324, 'CONFIRMED', '带状疱疹', 'B02.900', '2025-11-04', 110, '身体一侧出现簇集性水疱，伴神经痛。');
INSERT INTO `diagnosis_record` (`patient_id`, `diagnosis_type`, `disease_name`, `icd10_code`, `diagnosis_date`, `doctor_id`, `description`) VALUES (324, 'CONFIRMED', '上呼吸道感染', 'J06.900', '2025-05-11', 125, '咳嗽、流涕3天，肺部听诊无异常。');
INSERT INTO `sys_user` (`id`, `username`, `password`, `nickname`, `phone`, `email`, `role`, `status`, `create_time`) VALUES (325, 'patient_test_26', '$2a$10$K8aIDyfnZYQS.UgdYiw1s.05P5qqvaTfk65hASDDDxvMAxy1vPTT6', '李刚', '13900000526', 'patient_test_26@test.com', 'PATIENT', 1, NOW());
INSERT INTO `patient_info` (`id`, `user_id`, `real_name`, `gender`, `birthday`, `age`, `id_card`, `address`, `emergency_contact`, `emergency_phone`, `blood_type`, `create_time`) VALUES (325, 325, '李刚', 1, '1987-01-01', 37, '110101198701010026', '北京市海淀区XX小区', '家属', '13012345678', 'O', NOW());
INSERT INTO `patient_record` (`user_id`, `allergies`, `medical_history`, `remark`) VALUES (325, '无', '近期体征平稳', '定期回访。');
INSERT INTO `diagnosis_record` (`patient_id`, `diagnosis_type`, `disease_name`, `icd10_code`, `diagnosis_date`, `doctor_id`, `description`) VALUES (325, 'CONFIRMED', '颈椎病', 'M47.8xx', '2025-07-04', 111, '颈部僵硬，伴双下肢麻木。');
INSERT INTO `diagnosis_record` (`patient_id`, `diagnosis_type`, `disease_name`, `icd10_code`, `diagnosis_date`, `doctor_id`, `description`) VALUES (325, 'CONFIRMED', '脂肪肝', 'K76.000', '2025-11-07', 119, '体检发现肝脏回声增强，建议控制体重。');
INSERT INTO `diagnosis_record` (`patient_id`, `diagnosis_type`, `disease_name`, `icd10_code`, `diagnosis_date`, `doctor_id`, `description`) VALUES (325, 'PRELIMINARY', '冠状动脉粥样硬化性心脏病', 'I25.100', '2025-06-05', 115, '心前区阵发性疼痛，建议低盐低脂饮食。');
INSERT INTO `sys_user` (`id`, `username`, `password`, `nickname`, `phone`, `email`, `role`, `status`, `create_time`) VALUES (326, 'patient_test_27', '$2a$10$K8aIDyfnZYQS.UgdYiw1s.05P5qqvaTfk65hASDDDxvMAxy1vPTT6', '黄建国', '13900000527', 'patient_test_27@test.com', 'PATIENT', 1, NOW());
INSERT INTO `patient_info` (`id`, `user_id`, `real_name`, `gender`, `birthday`, `age`, `id_card`, `address`, `emergency_contact`, `emergency_phone`, `blood_type`, `create_time`) VALUES (326, 326, '黄建国', 0, '1971-01-01', 53, '110101197101010027', '北京市丰台区XX小区', '家属', '13012345678', 'AB', NOW());
INSERT INTO `patient_record` (`user_id`, `allergies`, `medical_history`, `remark`) VALUES (326, '无', '近期体征平稳', '定期回访。');
INSERT INTO `diagnosis_record` (`patient_id`, `diagnosis_type`, `disease_name`, `icd10_code`, `diagnosis_date`, `doctor_id`, `description`) VALUES (326, 'CONFIRMED', '牙周炎', 'K05.300', '2025-03-25', 129, '牙龈出血，牙齿松动。');
INSERT INTO `diagnosis_record` (`patient_id`, `diagnosis_type`, `disease_name`, `icd10_code`, `diagnosis_date`, `doctor_id`, `description`) VALUES (326, 'CONFIRMED', '冠状动脉粥样硬化性心脏病', 'I25.100', '2025-05-16', 129, '心前区阵发性疼痛，建议低盐低脂饮食。');
INSERT INTO `sys_user` (`id`, `username`, `password`, `nickname`, `phone`, `email`, `role`, `status`, `create_time`) VALUES (327, 'patient_test_28', '$2a$10$K8aIDyfnZYQS.UgdYiw1s.05P5qqvaTfk65hASDDDxvMAxy1vPTT6', '韩梦娇', '13900000528', 'patient_test_28@test.com', 'PATIENT', 1, NOW());
INSERT INTO `patient_info` (`id`, `user_id`, `real_name`, `gender`, `birthday`, `age`, `id_card`, `address`, `emergency_contact`, `emergency_phone`, `blood_type`, `create_time`) VALUES (327, 327, '韩梦娇', 1, '1964-01-01', 60, '110101196401010028', '北京市海淀区XX小区', '家属', '13012345678', 'AB', NOW());
INSERT INTO `patient_record` (`user_id`, `allergies`, `medical_history`, `remark`) VALUES (327, '无', '近期体征平稳', '定期回访。');
INSERT INTO `diagnosis_record` (`patient_id`, `diagnosis_type`, `disease_name`, `icd10_code`, `diagnosis_date`, `doctor_id`, `description`) VALUES (327, 'PRELIMINARY', '手足口病', 'B08.400', '2025-10-15', 103, '手掌、足底及口腔出现疱疹，伴发热。');
INSERT INTO `sys_user` (`id`, `username`, `password`, `nickname`, `phone`, `email`, `role`, `status`, `create_time`) VALUES (328, 'patient_test_29', '$2a$10$K8aIDyfnZYQS.UgdYiw1s.05P5qqvaTfk65hASDDDxvMAxy1vPTT6', '陈志强', '13900000529', 'patient_test_29@test.com', 'PATIENT', 1, NOW());
INSERT INTO `patient_info` (`id`, `user_id`, `real_name`, `gender`, `birthday`, `age`, `id_card`, `address`, `emergency_contact`, `emergency_phone`, `blood_type`, `create_time`) VALUES (328, 328, '陈志强', 1, '1958-01-01', 66, '110101195801010029', '北京市海淀区XX小区', '家属', '13012345678', 'O', NOW());
INSERT INTO `patient_record` (`user_id`, `allergies`, `medical_history`, `remark`) VALUES (328, '无', '近期体征平稳', '定期回访。');
INSERT INTO `diagnosis_record` (`patient_id`, `diagnosis_type`, `disease_name`, `icd10_code`, `diagnosis_date`, `doctor_id`, `description`) VALUES (328, 'PRELIMINARY', '痛风性关节炎', 'M10.900', '2025-07-28', 120, '第一跖趾关节红肿痛，建议低嘌呤饮食。');
INSERT INTO `diagnosis_record` (`patient_id`, `diagnosis_type`, `disease_name`, `icd10_code`, `diagnosis_date`, `doctor_id`, `description`) VALUES (328, 'CONFIRMED', '2型糖尿病', 'E11.900', '2025-07-17', 113, '空腹血糖偏高，建议饮食控制并配合药物治疗。');
INSERT INTO `sys_user` (`id`, `username`, `password`, `nickname`, `phone`, `email`, `role`, `status`, `create_time`) VALUES (329, 'patient_test_30', '$2a$10$K8aIDyfnZYQS.UgdYiw1s.05P5qqvaTfk65hASDDDxvMAxy1vPTT6', '黄志明', '13900000530', 'patient_test_30@test.com', 'PATIENT', 1, NOW());
INSERT INTO `patient_info` (`id`, `user_id`, `real_name`, `gender`, `birthday`, `age`, `id_card`, `address`, `emergency_contact`, `emergency_phone`, `blood_type`, `create_time`) VALUES (329, 329, '黄志明', 0, '1982-01-01', 42, '110101198201010030', '北京市海淀区XX小区', '家属', '13012345678', 'O', NOW());
INSERT INTO `patient_record` (`user_id`, `allergies`, `medical_history`, `remark`) VALUES (329, '无', '近期体征平稳', '定期回访。');
INSERT INTO `diagnosis_record` (`patient_id`, `diagnosis_type`, `disease_name`, `icd10_code`, `diagnosis_date`, `doctor_id`, `description`) VALUES (329, 'CONFIRMED', '慢性鼻窦炎', 'J32.900', '2025-09-17', 100, '流脓涕，头痛，伴嗅觉减退。');
INSERT INTO `diagnosis_record` (`patient_id`, `diagnosis_type`, `disease_name`, `icd10_code`, `diagnosis_date`, `doctor_id`, `description`) VALUES (329, 'PRELIMINARY', '2型糖尿病', 'E11.900', '2025-02-19', 101, '空腹血糖偏高，建议饮食控制并配合药物治疗。');
INSERT INTO `sys_user` (`id`, `username`, `password`, `nickname`, `phone`, `email`, `role`, `status`, `create_time`) VALUES (330, 'patient_test_31', '$2a$10$K8aIDyfnZYQS.UgdYiw1s.05P5qqvaTfk65hASDDDxvMAxy1vPTT6', '赵军', '13900000531', 'patient_test_31@test.com', 'PATIENT', 1, NOW());
INSERT INTO `patient_info` (`id`, `user_id`, `real_name`, `gender`, `birthday`, `age`, `id_card`, `address`, `emergency_contact`, `emergency_phone`, `blood_type`, `create_time`) VALUES (330, 330, '赵军', 1, '1961-01-01', 63, '110101196101010031', '北京市朝阳区XX小区', '家属', '13012345678', 'O', NOW());
INSERT INTO `patient_record` (`user_id`, `allergies`, `medical_history`, `remark`) VALUES (330, '无', '近期体征平稳', '定期回访。');
INSERT INTO `diagnosis_record` (`patient_id`, `diagnosis_type`, `disease_name`, `icd10_code`, `diagnosis_date`, `doctor_id`, `description`) VALUES (330, 'CONFIRMED', '腰椎间盘突出', 'M51.201', '2025-06-30', 122, '久坐后腰部疼痛，伴随下肢放射痛。');
INSERT INTO `sys_user` (`id`, `username`, `password`, `nickname`, `phone`, `email`, `role`, `status`, `create_time`) VALUES (331, 'patient_test_32', '$2a$10$K8aIDyfnZYQS.UgdYiw1s.05P5qqvaTfk65hASDDDxvMAxy1vPTT6', '朱建国', '13900000532', 'patient_test_32@test.com', 'PATIENT', 1, NOW());
INSERT INTO `patient_info` (`id`, `user_id`, `real_name`, `gender`, `birthday`, `age`, `id_card`, `address`, `emergency_contact`, `emergency_phone`, `blood_type`, `create_time`) VALUES (331, 331, '朱建国', 1, '1982-01-01', 42, '110101198201010032', '北京市海淀区XX小区', '家属', '13012345678', 'AB', NOW());
INSERT INTO `patient_record` (`user_id`, `allergies`, `medical_history`, `remark`) VALUES (331, '无', '近期体征平稳', '定期回访。');
INSERT INTO `diagnosis_record` (`patient_id`, `diagnosis_type`, `disease_name`, `icd10_code`, `diagnosis_date`, `doctor_id`, `description`) VALUES (331, 'CONFIRMED', '慢性胃炎', 'K29.500', '2025-03-16', 105, '反酸、胃胀，建议进食易消化食物，忌辛辣。');
INSERT INTO `diagnosis_record` (`patient_id`, `diagnosis_type`, `disease_name`, `icd10_code`, `diagnosis_date`, `doctor_id`, `description`) VALUES (331, 'CONFIRMED', '腰椎间盘突出', 'M51.201', '2026-01-05', 111, '久坐后腰部疼痛，伴随下肢放射痛。');
INSERT INTO `sys_user` (`id`, `username`, `password`, `nickname`, `phone`, `email`, `role`, `status`, `create_time`) VALUES (332, 'patient_test_33', '$2a$10$K8aIDyfnZYQS.UgdYiw1s.05P5qqvaTfk65hASDDDxvMAxy1vPTT6', '司马艳', '13900000533', 'patient_test_33@test.com', 'PATIENT', 1, NOW());
INSERT INTO `patient_info` (`id`, `user_id`, `real_name`, `gender`, `birthday`, `age`, `id_card`, `address`, `emergency_contact`, `emergency_phone`, `blood_type`, `create_time`) VALUES (332, 332, '司马艳', 1, '1991-01-01', 33, '110101199101010033', '北京市海淀区XX小区', '家属', '13012345678', 'B', NOW());
INSERT INTO `patient_record` (`user_id`, `allergies`, `medical_history`, `remark`) VALUES (332, '无', '近期体征平稳', '定期回访。');
INSERT INTO `diagnosis_record` (`patient_id`, `diagnosis_type`, `disease_name`, `icd10_code`, `diagnosis_date`, `doctor_id`, `description`) VALUES (332, 'PRELIMINARY', '胆囊炎', 'K81.900', '2025-04-24', 119, '右上腹阵发性疼痛，伴恶心，忌油腻食物。');
INSERT INTO `diagnosis_record` (`patient_id`, `diagnosis_type`, `disease_name`, `icd10_code`, `diagnosis_date`, `doctor_id`, `description`) VALUES (332, 'CONFIRMED', '牙周炎', 'K05.300', '2025-05-01', 114, '牙龈出血，牙齿松动。');
INSERT INTO `diagnosis_record` (`patient_id`, `diagnosis_type`, `disease_name`, `icd10_code`, `diagnosis_date`, `doctor_id`, `description`) VALUES (332, 'CONFIRMED', '过敏性皮炎', 'L23.900', '2026-01-13', 104, '皮肤红斑样皮疹，伴明显瘙痒感。');
INSERT INTO `sys_user` (`id`, `username`, `password`, `nickname`, `phone`, `email`, `role`, `status`, `create_time`) VALUES (333, 'patient_test_34', '$2a$10$K8aIDyfnZYQS.UgdYiw1s.05P5qqvaTfk65hASDDDxvMAxy1vPTT6', '郑艳', '13900000534', 'patient_test_34@test.com', 'PATIENT', 1, NOW());
INSERT INTO `patient_info` (`id`, `user_id`, `real_name`, `gender`, `birthday`, `age`, `id_card`, `address`, `emergency_contact`, `emergency_phone`, `blood_type`, `create_time`) VALUES (333, 333, '郑艳', 0, '1974-01-01', 50, '110101197401010034', '北京市海淀区XX小区', '家属', '13012345678', 'B', NOW());
INSERT INTO `patient_record` (`user_id`, `allergies`, `medical_history`, `remark`) VALUES (333, '无', '近期体征平稳', '定期回访。');
INSERT INTO `diagnosis_record` (`patient_id`, `diagnosis_type`, `disease_name`, `icd10_code`, `diagnosis_date`, `doctor_id`, `description`) VALUES (333, 'CONFIRMED', '急性阑尾炎', 'K35.900', '2025-02-21', 114, '右下腹转移性痛，伴发热，建议手术。');
INSERT INTO `sys_user` (`id`, `username`, `password`, `nickname`, `phone`, `email`, `role`, `status`, `create_time`) VALUES (334, 'patient_test_35', '$2a$10$K8aIDyfnZYQS.UgdYiw1s.05P5qqvaTfk65hASDDDxvMAxy1vPTT6', '上官美英', '13900000535', 'patient_test_35@test.com', 'PATIENT', 1, NOW());
INSERT INTO `patient_info` (`id`, `user_id`, `real_name`, `gender`, `birthday`, `age`, `id_card`, `address`, `emergency_contact`, `emergency_phone`, `blood_type`, `create_time`) VALUES (334, 334, '上官美英', 1, '2005-01-01', 19, '110101200501010035', '北京市丰台区XX小区', '家属', '13012345678', 'A', NOW());
INSERT INTO `patient_record` (`user_id`, `allergies`, `medical_history`, `remark`) VALUES (334, '无', '近期体征平稳', '定期回访。');
INSERT INTO `diagnosis_record` (`patient_id`, `diagnosis_type`, `disease_name`, `icd10_code`, `diagnosis_date`, `doctor_id`, `description`) VALUES (334, 'CONFIRMED', '手足口病', 'B08.400', '2025-10-20', 125, '手掌、足底及口腔出现疱疹，伴发热。');
INSERT INTO `diagnosis_record` (`patient_id`, `diagnosis_type`, `disease_name`, `icd10_code`, `diagnosis_date`, `doctor_id`, `description`) VALUES (334, 'CONFIRMED', '偏头痛', 'G43.900', '2025-04-17', 129, '单侧波动性疼痛，伴恶心。');
INSERT INTO `diagnosis_record` (`patient_id`, `diagnosis_type`, `disease_name`, `icd10_code`, `diagnosis_date`, `doctor_id`, `description`) VALUES (334, 'PRELIMINARY', '急性阑尾炎', 'K35.900', '2025-09-11', 102, '右下腹转移性痛，伴发热，建议手术。');
INSERT INTO `sys_user` (`id`, `username`, `password`, `nickname`, `phone`, `email`, `role`, `status`, `create_time`) VALUES (335, 'patient_test_36', '$2a$10$K8aIDyfnZYQS.UgdYiw1s.05P5qqvaTfk65hASDDDxvMAxy1vPTT6', '何丽华', '13900000536', 'patient_test_36@test.com', 'PATIENT', 1, NOW());
INSERT INTO `patient_info` (`id`, `user_id`, `real_name`, `gender`, `birthday`, `age`, `id_card`, `address`, `emergency_contact`, `emergency_phone`, `blood_type`, `create_time`) VALUES (335, 335, '何丽华', 1, '2004-01-01', 20, '110101200401010036', '北京市朝阳区XX小区', '家属', '13012345678', 'O', NOW());
INSERT INTO `patient_record` (`user_id`, `allergies`, `medical_history`, `remark`) VALUES (335, '无', '近期体征平稳', '定期回访。');
INSERT INTO `diagnosis_record` (`patient_id`, `diagnosis_type`, `disease_name`, `icd10_code`, `diagnosis_date`, `doctor_id`, `description`) VALUES (335, 'CONFIRMED', '胃溃疡', 'K25.900', '2025-05-02', 110, '餐后腹痛明显，伴嗳气，建议胃镜复查。');
INSERT INTO `diagnosis_record` (`patient_id`, `diagnosis_type`, `disease_name`, `icd10_code`, `diagnosis_date`, `doctor_id`, `description`) VALUES (335, 'CONFIRMED', '过敏性皮炎', 'L23.900', '2025-07-23', 124, '皮肤红斑样皮疹，伴明显瘙痒感。');
INSERT INTO `diagnosis_record` (`patient_id`, `diagnosis_type`, `disease_name`, `icd10_code`, `diagnosis_date`, `doctor_id`, `description`) VALUES (335, 'PRELIMINARY', '慢性胃炎', 'K29.500', '2025-02-12', 128, '反酸、胃胀，建议进食易消化食物，忌辛辣。');
INSERT INTO `sys_user` (`id`, `username`, `password`, `nickname`, `phone`, `email`, `role`, `status`, `create_time`) VALUES (336, 'patient_test_37', '$2a$10$K8aIDyfnZYQS.UgdYiw1s.05P5qqvaTfk65hASDDDxvMAxy1vPTT6', '赵德华', '13900000537', 'patient_test_37@test.com', 'PATIENT', 1, NOW());
INSERT INTO `patient_info` (`id`, `user_id`, `real_name`, `gender`, `birthday`, `age`, `id_card`, `address`, `emergency_contact`, `emergency_phone`, `blood_type`, `create_time`) VALUES (336, 336, '赵德华', 1, '1985-01-01', 39, '110101198501010037', '北京市丰台区XX小区', '家属', '13012345678', 'B', NOW());
INSERT INTO `patient_record` (`user_id`, `allergies`, `medical_history`, `remark`) VALUES (336, '无', '近期体征平稳', '定期回访。');
INSERT INTO `diagnosis_record` (`patient_id`, `diagnosis_type`, `disease_name`, `icd10_code`, `diagnosis_date`, `doctor_id`, `description`) VALUES (336, 'PRELIMINARY', '慢性胃炎', 'K29.500', '2025-08-23', 123, '反酸、胃胀，建议进食易消化食物，忌辛辣。');
INSERT INTO `diagnosis_record` (`patient_id`, `diagnosis_type`, `disease_name`, `icd10_code`, `diagnosis_date`, `doctor_id`, `description`) VALUES (336, 'CONFIRMED', '2型糖尿病', 'E11.900', '2025-09-11', 110, '空腹血糖偏高，建议饮食控制并配合药物治疗。');
INSERT INTO `diagnosis_record` (`patient_id`, `diagnosis_type`, `disease_name`, `icd10_code`, `diagnosis_date`, `doctor_id`, `description`) VALUES (336, 'CONFIRMED', '小儿腹泻', 'A09.900', '2025-09-12', 126, '大便次数增多，水样便，注意预防脱水。');
INSERT INTO `sys_user` (`id`, `username`, `password`, `nickname`, `phone`, `email`, `role`, `status`, `create_time`) VALUES (337, 'patient_test_38', '$2a$10$K8aIDyfnZYQS.UgdYiw1s.05P5qqvaTfk65hASDDDxvMAxy1vPTT6', '司马丽华', '13900000538', 'patient_test_38@test.com', 'PATIENT', 1, NOW());
INSERT INTO `patient_info` (`id`, `user_id`, `real_name`, `gender`, `birthday`, `age`, `id_card`, `address`, `emergency_contact`, `emergency_phone`, `blood_type`, `create_time`) VALUES (337, 337, '司马丽华', 1, '1986-01-01', 38, '110101198601010038', '北京市丰台区XX小区', '家属', '13012345678', 'AB', NOW());
INSERT INTO `patient_record` (`user_id`, `allergies`, `medical_history`, `remark`) VALUES (337, '无', '近期体征平稳', '定期回访。');
INSERT INTO `diagnosis_record` (`patient_id`, `diagnosis_type`, `disease_name`, `icd10_code`, `diagnosis_date`, `doctor_id`, `description`) VALUES (337, 'CONFIRMED', '手足口病', 'B08.400', '2025-06-05', 111, '手掌、足底及口腔出现疱疹，伴发热。');
INSERT INTO `diagnosis_record` (`patient_id`, `diagnosis_type`, `disease_name`, `icd10_code`, `diagnosis_date`, `doctor_id`, `description`) VALUES (337, 'PRELIMINARY', '带状疱疹', 'B02.900', '2025-12-11', 105, '身体一侧出现簇集性水疱，伴神经痛。');
INSERT INTO `diagnosis_record` (`patient_id`, `diagnosis_type`, `disease_name`, `icd10_code`, `diagnosis_date`, `doctor_id`, `description`) VALUES (337, 'CONFIRMED', '带状疱疹', 'B02.900', '2025-11-16', 128, '身体一侧出现簇集性水疱，伴神经痛。');
INSERT INTO `sys_user` (`id`, `username`, `password`, `nickname`, `phone`, `email`, `role`, `status`, `create_time`) VALUES (338, 'patient_test_39', '$2a$10$K8aIDyfnZYQS.UgdYiw1s.05P5qqvaTfk65hASDDDxvMAxy1vPTT6', '欧阳勇', '13900000539', 'patient_test_39@test.com', 'PATIENT', 1, NOW());
INSERT INTO `patient_info` (`id`, `user_id`, `real_name`, `gender`, `birthday`, `age`, `id_card`, `address`, `emergency_contact`, `emergency_phone`, `blood_type`, `create_time`) VALUES (338, 338, '欧阳勇', 1, '1956-01-01', 68, '110101195601010039', '北京市丰台区XX小区', '家属', '13012345678', 'B', NOW());
INSERT INTO `patient_record` (`user_id`, `allergies`, `medical_history`, `remark`) VALUES (338, '无', '近期体征平稳', '定期回访。');
INSERT INTO `diagnosis_record` (`patient_id`, `diagnosis_type`, `disease_name`, `icd10_code`, `diagnosis_date`, `doctor_id`, `description`) VALUES (338, 'PRELIMINARY', '慢性支气管炎', 'J42.x00', '2025-02-20', 103, '反复咳嗽、咳痰，冬季加重。');
INSERT INTO `diagnosis_record` (`patient_id`, `diagnosis_type`, `disease_name`, `icd10_code`, `diagnosis_date`, `doctor_id`, `description`) VALUES (338, 'PRELIMINARY', '牙周炎', 'K05.300', '2025-04-09', 127, '牙龈出血，牙齿松动。');
INSERT INTO `sys_user` (`id`, `username`, `password`, `nickname`, `phone`, `email`, `role`, `status`, `create_time`) VALUES (339, 'patient_test_40', '$2a$10$K8aIDyfnZYQS.UgdYiw1s.05P5qqvaTfk65hASDDDxvMAxy1vPTT6', '赵美英', '13900000540', 'patient_test_40@test.com', 'PATIENT', 1, NOW());
INSERT INTO `patient_info` (`id`, `user_id`, `real_name`, `gender`, `birthday`, `age`, `id_card`, `address`, `emergency_contact`, `emergency_phone`, `blood_type`, `create_time`) VALUES (339, 339, '赵美英', 0, '1991-01-01', 33, '110101199101010040', '北京市丰台区XX小区', '家属', '13012345678', 'AB', NOW());
INSERT INTO `patient_record` (`user_id`, `allergies`, `medical_history`, `remark`) VALUES (339, '无', '近期体征平稳', '定期回访。');
INSERT INTO `diagnosis_record` (`patient_id`, `diagnosis_type`, `disease_name`, `icd10_code`, `diagnosis_date`, `doctor_id`, `description`) VALUES (339, 'CONFIRMED', '手足口病', 'B08.400', '2025-04-21', 120, '手掌、足底及口腔出现疱疹，伴发热。');
INSERT INTO `sys_user` (`id`, `username`, `password`, `nickname`, `phone`, `email`, `role`, `status`, `create_time`) VALUES (340, 'patient_test_41', '$2a$10$K8aIDyfnZYQS.UgdYiw1s.05P5qqvaTfk65hASDDDxvMAxy1vPTT6', '王军', '13900000541', 'patient_test_41@test.com', 'PATIENT', 1, NOW());
INSERT INTO `patient_info` (`id`, `user_id`, `real_name`, `gender`, `birthday`, `age`, `id_card`, `address`, `emergency_contact`, `emergency_phone`, `blood_type`, `create_time`) VALUES (340, 340, '王军', 1, '1989-01-01', 35, '110101198901010041', '北京市朝阳区XX小区', '家属', '13012345678', 'B', NOW());
INSERT INTO `patient_record` (`user_id`, `allergies`, `medical_history`, `remark`) VALUES (340, '无', '近期体征平稳', '定期回访。');
INSERT INTO `diagnosis_record` (`patient_id`, `diagnosis_type`, `disease_name`, `icd10_code`, `diagnosis_date`, `doctor_id`, `description`) VALUES (340, 'PRELIMINARY', '龋病', 'K02.900', '2025-11-26', 107, '牙齿冷热敏感，发现龋洞，建议补牙治疗。');
INSERT INTO `diagnosis_record` (`patient_id`, `diagnosis_type`, `disease_name`, `icd10_code`, `diagnosis_date`, `doctor_id`, `description`) VALUES (340, 'PRELIMINARY', '牙周炎', 'K05.300', '2025-08-05', 118, '牙龈出血，牙齿松动。');
INSERT INTO `diagnosis_record` (`patient_id`, `diagnosis_type`, `disease_name`, `icd10_code`, `diagnosis_date`, `doctor_id`, `description`) VALUES (340, 'CONFIRMED', '小儿腹泻', 'A09.900', '2025-07-26', 100, '大便次数增多，水样便，注意预防脱水。');
INSERT INTO `sys_user` (`id`, `username`, `password`, `nickname`, `phone`, `email`, `role`, `status`, `create_time`) VALUES (341, 'patient_test_42', '$2a$10$K8aIDyfnZYQS.UgdYiw1s.05P5qqvaTfk65hASDDDxvMAxy1vPTT6', '张强', '13900000542', 'patient_test_42@test.com', 'PATIENT', 1, NOW());
INSERT INTO `patient_info` (`id`, `user_id`, `real_name`, `gender`, `birthday`, `age`, `id_card`, `address`, `emergency_contact`, `emergency_phone`, `blood_type`, `create_time`) VALUES (341, 341, '张强', 0, '1957-01-01', 67, '110101195701010042', '北京市海淀区XX小区', '家属', '13012345678', 'O', NOW());
INSERT INTO `patient_record` (`user_id`, `allergies`, `medical_history`, `remark`) VALUES (341, '无', '近期体征平稳', '定期回访。');
INSERT INTO `diagnosis_record` (`patient_id`, `diagnosis_type`, `disease_name`, `icd10_code`, `diagnosis_date`, `doctor_id`, `description`) VALUES (341, 'CONFIRMED', '手足口病', 'B08.400', '2025-06-02', 115, '手掌、足底及口腔出现疱疹，伴发热。');
INSERT INTO `diagnosis_record` (`patient_id`, `diagnosis_type`, `disease_name`, `icd10_code`, `diagnosis_date`, `doctor_id`, `description`) VALUES (341, 'CONFIRMED', '慢性鼻窦炎', 'J32.900', '2025-11-04', 100, '流脓涕，头痛，伴嗅觉减退。');
INSERT INTO `diagnosis_record` (`patient_id`, `diagnosis_type`, `disease_name`, `icd10_code`, `diagnosis_date`, `doctor_id`, `description`) VALUES (341, 'PRELIMINARY', '上呼吸道感染', 'J06.900', '2025-09-06', 110, '咳嗽、流涕3天，肺部听诊无异常。');
INSERT INTO `sys_user` (`id`, `username`, `password`, `nickname`, `phone`, `email`, `role`, `status`, `create_time`) VALUES (342, 'patient_test_43', '$2a$10$K8aIDyfnZYQS.UgdYiw1s.05P5qqvaTfk65hASDDDxvMAxy1vPTT6', '刘建国', '13900000543', 'patient_test_43@test.com', 'PATIENT', 1, NOW());
INSERT INTO `patient_info` (`id`, `user_id`, `real_name`, `gender`, `birthday`, `age`, `id_card`, `address`, `emergency_contact`, `emergency_phone`, `blood_type`, `create_time`) VALUES (342, 342, '刘建国', 1, '1996-01-01', 28, '110101199601010043', '北京市海淀区XX小区', '家属', '13012345678', 'O', NOW());
INSERT INTO `patient_record` (`user_id`, `allergies`, `medical_history`, `remark`) VALUES (342, '无', '近期体征平稳', '定期回访。');
INSERT INTO `diagnosis_record` (`patient_id`, `diagnosis_type`, `disease_name`, `icd10_code`, `diagnosis_date`, `doctor_id`, `description`) VALUES (342, 'CONFIRMED', '腰椎间盘突出', 'M51.201', '2025-09-12', 116, '久坐后腰部疼痛，伴随下肢放射痛。');
INSERT INTO `diagnosis_record` (`patient_id`, `diagnosis_type`, `disease_name`, `icd10_code`, `diagnosis_date`, `doctor_id`, `description`) VALUES (342, 'PRELIMINARY', '偏头痛', 'G43.900', '2025-12-05', 117, '单侧波动性疼痛，伴恶心。');
INSERT INTO `sys_user` (`id`, `username`, `password`, `nickname`, `phone`, `email`, `role`, `status`, `create_time`) VALUES (343, 'patient_test_44', '$2a$10$K8aIDyfnZYQS.UgdYiw1s.05P5qqvaTfk65hASDDDxvMAxy1vPTT6', '刘雨柔', '13900000544', 'patient_test_44@test.com', 'PATIENT', 1, NOW());
INSERT INTO `patient_info` (`id`, `user_id`, `real_name`, `gender`, `birthday`, `age`, `id_card`, `address`, `emergency_contact`, `emergency_phone`, `blood_type`, `create_time`) VALUES (343, 343, '刘雨柔', 1, '1961-01-01', 63, '110101196101010044', '北京市海淀区XX小区', '家属', '13012345678', 'AB', NOW());
INSERT INTO `patient_record` (`user_id`, `allergies`, `medical_history`, `remark`) VALUES (343, '无', '近期体征平稳', '定期回访。');
INSERT INTO `diagnosis_record` (`patient_id`, `diagnosis_type`, `disease_name`, `icd10_code`, `diagnosis_date`, `doctor_id`, `description`) VALUES (343, 'PRELIMINARY', '慢性鼻窦炎', 'J32.900', '2025-05-27', 128, '流脓涕，头痛，伴嗅觉减退。');
INSERT INTO `diagnosis_record` (`patient_id`, `diagnosis_type`, `disease_name`, `icd10_code`, `diagnosis_date`, `doctor_id`, `description`) VALUES (343, 'CONFIRMED', '支气管哮喘', 'J45.900', '2025-11-15', 114, '反复发作性喘息，伴胸闷。');
INSERT INTO `diagnosis_record` (`patient_id`, `diagnosis_type`, `disease_name`, `icd10_code`, `diagnosis_date`, `doctor_id`, `description`) VALUES (343, 'PRELIMINARY', '过敏性皮炎', 'L23.900', '2025-08-15', 127, '皮肤红斑样皮疹，伴明显瘙痒感。');
INSERT INTO `sys_user` (`id`, `username`, `password`, `nickname`, `phone`, `email`, `role`, `status`, `create_time`) VALUES (344, 'patient_test_45', '$2a$10$K8aIDyfnZYQS.UgdYiw1s.05P5qqvaTfk65hASDDDxvMAxy1vPTT6', '欧阳欣怡', '13900000545', 'patient_test_45@test.com', 'PATIENT', 1, NOW());
INSERT INTO `patient_info` (`id`, `user_id`, `real_name`, `gender`, `birthday`, `age`, `id_card`, `address`, `emergency_contact`, `emergency_phone`, `blood_type`, `create_time`) VALUES (344, 344, '欧阳欣怡', 1, '1989-01-01', 35, '110101198901010045', '北京市海淀区XX小区', '家属', '13012345678', 'AB', NOW());
INSERT INTO `patient_record` (`user_id`, `allergies`, `medical_history`, `remark`) VALUES (344, '无', '近期体征平稳', '定期回访。');
INSERT INTO `diagnosis_record` (`patient_id`, `diagnosis_type`, `disease_name`, `icd10_code`, `diagnosis_date`, `doctor_id`, `description`) VALUES (344, 'PRELIMINARY', '上呼吸道感染', 'J06.900', '2025-08-20', 102, '咳嗽、流涕3天，肺部听诊无异常。');
INSERT INTO `diagnosis_record` (`patient_id`, `diagnosis_type`, `disease_name`, `icd10_code`, `diagnosis_date`, `doctor_id`, `description`) VALUES (344, 'CONFIRMED', '上呼吸道感染', 'J06.900', '2025-03-08', 123, '咳嗽、流涕3天，肺部听诊无异常。');
INSERT INTO `diagnosis_record` (`patient_id`, `diagnosis_type`, `disease_name`, `icd10_code`, `diagnosis_date`, `doctor_id`, `description`) VALUES (344, 'PRELIMINARY', '牙周炎', 'K05.300', '2025-11-28', 120, '牙龈出血，牙齿松动。');
INSERT INTO `sys_user` (`id`, `username`, `password`, `nickname`, `phone`, `email`, `role`, `status`, `create_time`) VALUES (345, 'patient_test_46', '$2a$10$K8aIDyfnZYQS.UgdYiw1s.05P5qqvaTfk65hASDDDxvMAxy1vPTT6', '郑雅琴', '13900000546', 'patient_test_46@test.com', 'PATIENT', 1, NOW());
INSERT INTO `patient_info` (`id`, `user_id`, `real_name`, `gender`, `birthday`, `age`, `id_card`, `address`, `emergency_contact`, `emergency_phone`, `blood_type`, `create_time`) VALUES (345, 345, '郑雅琴', 1, '1968-01-01', 56, '110101196801010046', '北京市海淀区XX小区', '家属', '13012345678', 'A', NOW());
INSERT INTO `patient_record` (`user_id`, `allergies`, `medical_history`, `remark`) VALUES (345, '无', '近期体征平稳', '定期回访。');
INSERT INTO `diagnosis_record` (`patient_id`, `diagnosis_type`, `disease_name`, `icd10_code`, `diagnosis_date`, `doctor_id`, `description`) VALUES (345, 'PRELIMINARY', '上呼吸道感染', 'J06.900', '2025-10-25', 104, '咳嗽、流涕3天，肺部听诊无异常。');
INSERT INTO `sys_user` (`id`, `username`, `password`, `nickname`, `phone`, `email`, `role`, `status`, `create_time`) VALUES (346, 'patient_test_47', '$2a$10$K8aIDyfnZYQS.UgdYiw1s.05P5qqvaTfk65hASDDDxvMAxy1vPTT6', '王美英', '13900000547', 'patient_test_47@test.com', 'PATIENT', 1, NOW());
INSERT INTO `patient_info` (`id`, `user_id`, `real_name`, `gender`, `birthday`, `age`, `id_card`, `address`, `emergency_contact`, `emergency_phone`, `blood_type`, `create_time`) VALUES (346, 346, '王美英', 1, '1965-01-01', 59, '110101196501010047', '北京市丰台区XX小区', '家属', '13012345678', 'AB', NOW());
INSERT INTO `patient_record` (`user_id`, `allergies`, `medical_history`, `remark`) VALUES (346, '无', '近期体征平稳', '定期回访。');
INSERT INTO `diagnosis_record` (`patient_id`, `diagnosis_type`, `disease_name`, `icd10_code`, `diagnosis_date`, `doctor_id`, `description`) VALUES (346, 'CONFIRMED', '急性扁桃体炎', 'J03.900', '2026-01-03', 117, '咽痛明显，吞咽困难，伴发热。');
INSERT INTO `diagnosis_record` (`patient_id`, `diagnosis_type`, `disease_name`, `icd10_code`, `diagnosis_date`, `doctor_id`, `description`) VALUES (346, 'CONFIRMED', '肩周炎', 'M75.000', '2025-06-09', 111, '肩关节活动受限，夜间疼痛加重。');
INSERT INTO `sys_user` (`id`, `username`, `password`, `nickname`, `phone`, `email`, `role`, `status`, `create_time`) VALUES (347, 'patient_test_48', '$2a$10$K8aIDyfnZYQS.UgdYiw1s.05P5qqvaTfk65hASDDDxvMAxy1vPTT6', '陈美英', '13900000548', 'patient_test_48@test.com', 'PATIENT', 1, NOW());
INSERT INTO `patient_info` (`id`, `user_id`, `real_name`, `gender`, `birthday`, `age`, `id_card`, `address`, `emergency_contact`, `emergency_phone`, `blood_type`, `create_time`) VALUES (347, 347, '陈美英', 0, '1990-01-01', 34, '110101199001010048', '北京市朝阳区XX小区', '家属', '13012345678', 'B', NOW());
INSERT INTO `patient_record` (`user_id`, `allergies`, `medical_history`, `remark`) VALUES (347, '无', '近期体征平稳', '定期回访。');
INSERT INTO `diagnosis_record` (`patient_id`, `diagnosis_type`, `disease_name`, `icd10_code`, `diagnosis_date`, `doctor_id`, `description`) VALUES (347, 'CONFIRMED', '急性扁桃体炎', 'J03.900', '2025-02-08', 124, '咽痛明显，吞咽困难，伴发热。');
INSERT INTO `diagnosis_record` (`patient_id`, `diagnosis_type`, `disease_name`, `icd10_code`, `diagnosis_date`, `doctor_id`, `description`) VALUES (347, 'CONFIRMED', '慢性支气管炎', 'J42.x00', '2025-05-19', 117, '反复咳嗽、咳痰，冬季加重。');
INSERT INTO `sys_user` (`id`, `username`, `password`, `nickname`, `phone`, `email`, `role`, `status`, `create_time`) VALUES (348, 'patient_test_49', '$2a$10$K8aIDyfnZYQS.UgdYiw1s.05P5qqvaTfk65hASDDDxvMAxy1vPTT6', '朱志强', '13900000549', 'patient_test_49@test.com', 'PATIENT', 1, NOW());
INSERT INTO `patient_info` (`id`, `user_id`, `real_name`, `gender`, `birthday`, `age`, `id_card`, `address`, `emergency_contact`, `emergency_phone`, `blood_type`, `create_time`) VALUES (348, 348, '朱志强', 1, '1966-01-01', 58, '110101196601010049', '北京市丰台区XX小区', '家属', '13012345678', 'B', NOW());
INSERT INTO `patient_record` (`user_id`, `allergies`, `medical_history`, `remark`) VALUES (348, '无', '近期体征平稳', '定期回访。');
INSERT INTO `diagnosis_record` (`patient_id`, `diagnosis_type`, `disease_name`, `icd10_code`, `diagnosis_date`, `doctor_id`, `description`) VALUES (348, 'PRELIMINARY', '上呼吸道感染', 'J06.900', '2025-03-17', 109, '咳嗽、流涕3天，肺部听诊无异常。');
INSERT INTO `sys_user` (`id`, `username`, `password`, `nickname`, `phone`, `email`, `role`, `status`, `create_time`) VALUES (349, 'patient_test_50', '$2a$10$K8aIDyfnZYQS.UgdYiw1s.05P5qqvaTfk65hASDDDxvMAxy1vPTT6', '刘雪', '13900000550', 'patient_test_50@test.com', 'PATIENT', 1, NOW());
INSERT INTO `patient_info` (`id`, `user_id`, `real_name`, `gender`, `birthday`, `age`, `id_card`, `address`, `emergency_contact`, `emergency_phone`, `blood_type`, `create_time`) VALUES (349, 349, '刘雪', 1, '1965-01-01', 59, '110101196501010050', '北京市朝阳区XX小区', '家属', '13012345678', 'O', NOW());
INSERT INTO `patient_record` (`user_id`, `allergies`, `medical_history`, `remark`) VALUES (349, '无', '近期体征平稳', '定期回访。');
INSERT INTO `diagnosis_record` (`patient_id`, `diagnosis_type`, `disease_name`, `icd10_code`, `diagnosis_date`, `doctor_id`, `description`) VALUES (349, 'PRELIMINARY', '胆囊炎', 'K81.900', '2025-05-15', 106, '右上腹阵发性疼痛，伴恶心，忌油腻食物。');
INSERT INTO `diagnosis_record` (`patient_id`, `diagnosis_type`, `disease_name`, `icd10_code`, `diagnosis_date`, `doctor_id`, `description`) VALUES (349, 'CONFIRMED', '龋病', 'K02.900', '2025-02-25', 126, '牙齿冷热敏感，发现龋洞，建议补牙治疗。');

-- ============================================
-- 4. (已移除) 生成欢迎通知
-- ============================================

COMMIT;
SET FOREIGN_KEY_CHECKS = 1;